house_id,title,district,district_area,layout,area,floor,direction,deal_price,deal_unit_price,deal_date
d3350d0ddba21b61,城建万科城 2室2厅 74.72平米,延庆,延庆-延庆其它,2室2厅,74.72㎡,共9层,南北,76万,,2025-10-17
d3350d0ddba21b61,城建万科城 2室1厅 74.72平米,延庆,延庆-延庆其它,2室1厅,74.72㎡,共9层,南,99万,,2024-05-01
d3350d0ddba21b61,城建万科城 3室2厅 89.99平米,延庆,延庆-延庆其它,3室2厅,89.99㎡,共9层,南,145万,,2023-12-27
d3350d0ddba21b61,城建万科城 3室1厅 92.58平米,延庆,延庆-延庆其它,3室1厅,92.58㎡,共8层,南,144万,,2023-12-26
d3350d0ddba21b61,城建万科城 2室1厅 81.41平米,延庆,延庆-延庆其它,2室1厅,81.41㎡,共6层,南,89万,,2023-11-18
d3350d0ddba21b61,城建万科城 49.66平米,延庆,延庆-延庆其它,,49.66㎡,共9层,南,54万,,2023-10-31
d3350d0ddba21b61,城建万科城 3室1厅 89.55平米,延庆,延庆-延庆其它,3室1厅,89.55㎡,共9层,南,149万,,2023-08-08
d3350d0ddba21b61,城建万科城 3室1厅 89.63平米,延庆,延庆-延庆其它,3室1厅,89.63㎡,共9层,南,140万,,2023-07-25
d3350d0ddba21b61,城建万科城 3室1厅 91.91平米,延庆,延庆-延庆其它,3室1厅,91.91㎡,共9层,南,139万,,2023-07-23
d3350d0ddba21b61,城建万科城 2室1厅 74.84平米,延庆,延庆-延庆其它,2室1厅,74.84㎡,共9层,南,134万,,2023-02-23
21337d0fea3d971b,城建万科城 2室2厅 74.72平米,延庆,延庆-延庆其它,2室2厅,74.72㎡,共9层,南北,76万,,2025-10-17
21337d0fea3d971b,城建万科城 2室1厅 74.72平米,延庆,延庆-延庆其它,2室1厅,74.72㎡,共9层,南,99万,,2024-05-01
21337d0fea3d971b,城建万科城 3室2厅 89.99平米,延庆,延庆-延庆其它,3室2厅,89.99㎡,共9层,南,145万,,2023-12-27
21337d0fea3d971b,城建万科城 3室1厅 92.58平米,延庆,延庆-延庆其它,3室1厅,92.58㎡,共8层,南,144万,,2023-12-26
21337d0fea3d971b,城建万科城 2室1厅 81.41平米,延庆,延庆-延庆其它,2室1厅,81.41㎡,共6层,南,89万,,2023-11-18
21337d0fea3d971b,城建万科城 49.66平米,延庆,延庆-延庆其它,,49.66㎡,共9层,南,54万,,2023-10-31
21337d0fea3d971b,城建万科城 3室1厅 89.55平米,延庆,延庆-延庆其它,3室1厅,89.55㎡,共9层,南,149万,,2023-08-08
21337d0fea3d971b,城建万科城 3室1厅 89.63平米,延庆,延庆-延庆其它,3室1厅,89.63㎡,共9层,南,140万,,2023-07-25
21337d0fea3d971b,城建万科城 3室1厅 91.91平米,延庆,延庆-延庆其它,3室1厅,91.91㎡,共9层,南,139万,,2023-07-23
21337d0fea3d971b,城建万科城 2室1厅 74.84平米,延庆,延庆-延庆其它,2室1厅,74.84㎡,共9层,南,134万,,2023-02-23
5e9954862773cf41,龙聚山庄 6室2厅 328.12平米,延庆,延庆-延庆其它,6室2厅,328.12㎡,共2层,南北,390万,,2025-10-14
5e9954862773cf41,龙聚山庄 1室1厅 52.05平米,延庆,延庆-延庆其它,1室1厅,52.05㎡,共3层,东,49万,,2024-05-11
5e9954862773cf41,龙聚山庄 2室2厅 82.11平米,延庆,延庆-延庆其它,2室2厅,82.11㎡,共4层,南,64万,,2023-12-02
5e9954862773cf41,龙聚山庄 2室1厅 82.11平米,延庆,延庆-延庆其它,2室1厅,82.11㎡,共4层,南,64万,,2023-11-26
5e9954862773cf41,龙聚山庄 3室1厅 104.92平米,延庆,延庆-延庆其它,3室1厅,104.92㎡,共4层,南,90万,,2023-10-13
5e9954862773cf41,龙聚山庄 2室1厅 79.69平米,延庆,延庆-延庆其它,2室1厅,79.69㎡,共4层,南,74万,,2023-07-22
5e9954862773cf41,龙聚山庄 2室1厅 65.63平米,延庆,延庆-延庆其它,2室1厅,65.63㎡,共6层,南,75万,,2023-01-17
343e8ea4e7a28813,城建万科城 2室2厅 74.72平米,延庆,延庆-延庆其它,2室2厅,74.72㎡,共9层,南北,76万,,2025-10-17
343e8ea4e7a28813,城建万科城 2室1厅 74.72平米,延庆,延庆-延庆其它,2室1厅,74.72㎡,共9层,南,99万,,2024-05-01
343e8ea4e7a28813,城建万科城 3室2厅 89.99平米,延庆,延庆-延庆其它,3室2厅,89.99㎡,共9层,南,145万,,2023-12-27
343e8ea4e7a28813,城建万科城 3室1厅 92.58平米,延庆,延庆-延庆其它,3室1厅,92.58㎡,共8层,南,144万,,2023-12-26
343e8ea4e7a28813,城建万科城 2室1厅 81.41平米,延庆,延庆-延庆其它,2室1厅,81.41㎡,共6层,南,89万,,2023-11-18
343e8ea4e7a28813,城建万科城 49.66平米,延庆,延庆-延庆其它,,49.66㎡,共9层,南,54万,,2023-10-31
343e8ea4e7a28813,城建万科城 3室1厅 89.55平米,延庆,延庆-延庆其它,3室1厅,89.55㎡,共9层,南,149万,,2023-08-08
343e8ea4e7a28813,城建万科城 3室1厅 89.63平米,延庆,延庆-延庆其它,3室1厅,89.63㎡,共9层,南,140万,,2023-07-25
343e8ea4e7a28813,城建万科城 3室1厅 91.91平米,延庆,延庆-延庆其它,3室1厅,91.91㎡,共9层,南,139万,,2023-07-23
343e8ea4e7a28813,城建万科城 2室1厅 74.84平米,延庆,延庆-延庆其它,2室1厅,74.84㎡,共9层,南,134万,,2023-02-23
da7212502944dd1b,城建万科城 2室2厅 74.72平米,延庆,延庆-延庆其它,2室2厅,74.72㎡,共9层,南北,76万,,2025-10-17
da7212502944dd1b,城建万科城 2室1厅 74.72平米,延庆,延庆-延庆其它,2室1厅,74.72㎡,共9层,南,99万,,2024-05-01
da7212502944dd1b,城建万科城 3室2厅 89.99平米,延庆,延庆-延庆其它,3室2厅,89.99㎡,共9层,南,145万,,2023-12-27
da7212502944dd1b,城建万科城 3室1厅 92.58平米,延庆,延庆-延庆其它,3室1厅,92.58㎡,共8层,南,144万,,2023-12-26
da7212502944dd1b,城建万科城 2室1厅 81.41平米,延庆,延庆-延庆其它,2室1厅,81.41㎡,共6层,南,89万,,2023-11-18
da7212502944dd1b,城建万科城 49.66平米,延庆,延庆-延庆其它,,49.66㎡,共9层,南,54万,,2023-10-31
da7212502944dd1b,城建万科城 3室1厅 89.55平米,延庆,延庆-延庆其它,3室1厅,89.55㎡,共9层,南,149万,,2023-08-08
da7212502944dd1b,城建万科城 3室1厅 89.63平米,延庆,延庆-延庆其它,3室1厅,89.63㎡,共9层,南,140万,,2023-07-25
da7212502944dd1b,城建万科城 3室1厅 91.91平米,延庆,延庆-延庆其它,3室1厅,91.91㎡,共9层,南,139万,,2023-07-23
da7212502944dd1b,城建万科城 2室1厅 74.84平米,延庆,延庆-延庆其它,2室1厅,74.84㎡,共9层,南,134万,,2023-02-23
74e60353e4480e48,城建万科城 2室2厅 74.72平米,延庆,延庆-延庆其它,2室2厅,74.72㎡,共9层,南北,76万,,2025-10-17
74e60353e4480e48,城建万科城 2室1厅 74.72平米,延庆,延庆-延庆其它,2室1厅,74.72㎡,共9层,南,99万,,2024-05-01
74e60353e4480e48,城建万科城 3室2厅 89.99平米,延庆,延庆-延庆其它,3室2厅,89.99㎡,共9层,南,145万,,2023-12-27
74e60353e4480e48,城建万科城 3室1厅 92.58平米,延庆,延庆-延庆其它,3室1厅,92.58㎡,共8层,南,144万,,2023-12-26
74e60353e4480e48,城建万科城 2室1厅 81.41平米,延庆,延庆-延庆其它,2室1厅,81.41㎡,共6层,南,89万,,2023-11-18
74e60353e4480e48,城建万科城 49.66平米,延庆,延庆-延庆其它,,49.66㎡,共9层,南,54万,,2023-10-31
74e60353e4480e48,城建万科城 3室1厅 89.55平米,延庆,延庆-延庆其它,3室1厅,89.55㎡,共9层,南,149万,,2023-08-08
74e60353e4480e48,城建万科城 3室1厅 89.63平米,延庆,延庆-延庆其它,3室1厅,89.63㎡,共9层,南,140万,,2023-07-25
74e60353e4480e48,城建万科城 3室1厅 91.91平米,延庆,延庆-延庆其它,3室1厅,91.91㎡,共9层,南,139万,,2023-07-23
74e60353e4480e48,城建万科城 2室1厅 74.84平米,延庆,延庆-延庆其它,2室1厅,74.84㎡,共9层,南,134万,,2023-02-23
5a666eb5ac38a29b,城建万科城 2室2厅 74.72平米,延庆,延庆-延庆其它,2室2厅,74.72㎡,共9层,南北,76万,,2025-10-17
5a666eb5ac38a29b,城建万科城 2室1厅 74.72平米,延庆,延庆-延庆其它,2室1厅,74.72㎡,共9层,南,99万,,2024-05-01
5a666eb5ac38a29b,城建万科城 3室2厅 89.99平米,延庆,延庆-延庆其它,3室2厅,89.99㎡,共9层,南,145万,,2023-12-27
5a666eb5ac38a29b,城建万科城 3室1厅 92.58平米,延庆,延庆-延庆其它,3室1厅,92.58㎡,共8层,南,144万,,2023-12-26
5a666eb5ac38a29b,城建万科城 2室1厅 81.41平米,延庆,延庆-延庆其它,2室1厅,81.41㎡,共6层,南,89万,,2023-11-18
5a666eb5ac38a29b,城建万科城 49.66平米,延庆,延庆-延庆其它,,49.66㎡,共9层,南,54万,,2023-10-31
5a666eb5ac38a29b,城建万科城 3室1厅 89.55平米,延庆,延庆-延庆其它,3室1厅,89.55㎡,共9层,南,149万,,2023-08-08
5a666eb5ac38a29b,城建万科城 3室1厅 89.63平米,延庆,延庆-延庆其它,3室1厅,89.63㎡,共9层,南,140万,,2023-07-25
5a666eb5ac38a29b,城建万科城 3室1厅 91.91平米,延庆,延庆-延庆其它,3室1厅,91.91㎡,共9层,南,139万,,2023-07-23
5a666eb5ac38a29b,城建万科城 2室1厅 74.84平米,延庆,延庆-延庆其它,2室1厅,74.84㎡,共9层,南,134万,,2023-02-23
2d277b8d1e5b9189,城建万科城 2室2厅 74.72平米,延庆,延庆-延庆其它,2室2厅,74.72㎡,共9层,南北,76万,,2025-10-17
2d277b8d1e5b9189,城建万科城 2室1厅 74.72平米,延庆,延庆-延庆其它,2室1厅,74.72㎡,共9层,南,99万,,2024-05-01
2d277b8d1e5b9189,城建万科城 3室2厅 89.99平米,延庆,延庆-延庆其它,3室2厅,89.99㎡,共9层,南,145万,,2023-12-27
2d277b8d1e5b9189,城建万科城 3室1厅 92.58平米,延庆,延庆-延庆其它,3室1厅,92.58㎡,共8层,南,144万,,2023-12-26
2d277b8d1e5b9189,城建万科城 2室1厅 81.41平米,延庆,延庆-延庆其它,2室1厅,81.41㎡,共6层,南,89万,,2023-11-18
2d277b8d1e5b9189,城建万科城 49.66平米,延庆,延庆-延庆其它,,49.66㎡,共9层,南,54万,,2023-10-31
2d277b8d1e5b9189,城建万科城 3室1厅 89.55平米,延庆,延庆-延庆其它,3室1厅,89.55㎡,共9层,南,149万,,2023-08-08
2d277b8d1e5b9189,城建万科城 3室1厅 89.63平米,延庆,延庆-延庆其它,3室1厅,89.63㎡,共9层,南,140万,,2023-07-25
2d277b8d1e5b9189,城建万科城 3室1厅 91.91平米,延庆,延庆-延庆其它,3室1厅,91.91㎡,共9层,南,139万,,2023-07-23
2d277b8d1e5b9189,城建万科城 2室1厅 74.84平米,延庆,延庆-延庆其它,2室1厅,74.84㎡,共9层,南,134万,,2023-02-23
3fb12aaf2178a4f6,八达岭住宅小区 4室2厅 175.64平米,延庆,延庆-八达岭,4室2厅,175.64㎡,共6层,南,155万,,2024-07-17
3fb12aaf2178a4f6,八达岭住宅小区 4室2厅 164.05平米,延庆,延庆-八达岭,4室2厅,164.05㎡,共6层,北,165万,,2024-03-13
9a6f89f7556e7e60,龙聚山庄 6室2厅 328.12平米,延庆,延庆-延庆其它,6室2厅,328.12㎡,共2层,南北,390万,,2025-10-14
9a6f89f7556e7e60,龙聚山庄 1室1厅 52.05平米,延庆,延庆-延庆其它,1室1厅,52.05㎡,共3层,东,49万,,2024-05-11
9a6f89f7556e7e60,龙聚山庄 2室2厅 82.11平米,延庆,延庆-延庆其它,2室2厅,82.11㎡,共4层,南,64万,,2023-12-02
9a6f89f7556e7e60,龙聚山庄 2室1厅 82.11平米,延庆,延庆-延庆其它,2室1厅,82.11㎡,共4层,南,64万,,2023-11-26
9a6f89f7556e7e60,龙聚山庄 3室1厅 104.92平米,延庆,延庆-延庆其它,3室1厅,104.92㎡,共4层,南,90万,,2023-10-13
9a6f89f7556e7e60,龙聚山庄 2室1厅 79.69平米,延庆,延庆-延庆其它,2室1厅,79.69㎡,共4层,南,74万,,2023-07-22
9a6f89f7556e7e60,龙聚山庄 2室1厅 65.63平米,延庆,延庆-延庆其它,2室1厅,65.63㎡,共6层,南,75万,,2023-01-17
797f2d4f1bd2d2fa,城建万科城 2室2厅 74.72平米,延庆,延庆-延庆其它,2室2厅,74.72㎡,共9层,南北,76万,,2025-10-17
797f2d4f1bd2d2fa,城建万科城 2室1厅 74.72平米,延庆,延庆-延庆其它,2室1厅,74.72㎡,共9层,南,99万,,2024-05-01
797f2d4f1bd2d2fa,城建万科城 3室2厅 89.99平米,延庆,延庆-延庆其它,3室2厅,89.99㎡,共9层,南,145万,,2023-12-27
797f2d4f1bd2d2fa,城建万科城 3室1厅 92.58平米,延庆,延庆-延庆其它,3室1厅,92.58㎡,共8层,南,144万,,2023-12-26
797f2d4f1bd2d2fa,城建万科城 2室1厅 81.41平米,延庆,延庆-延庆其它,2室1厅,81.41㎡,共6层,南,89万,,2023-11-18
797f2d4f1bd2d2fa,城建万科城 49.66平米,延庆,延庆-延庆其它,,49.66㎡,共9层,南,54万,,2023-10-31
797f2d4f1bd2d2fa,城建万科城 3室1厅 89.55平米,延庆,延庆-延庆其它,3室1厅,89.55㎡,共9层,南,149万,,2023-08-08
797f2d4f1bd2d2fa,城建万科城 3室1厅 89.63平米,延庆,延庆-延庆其它,3室1厅,89.63㎡,共9层,南,140万,,2023-07-25
797f2d4f1bd2d2fa,城建万科城 3室1厅 91.91平米,延庆,延庆-延庆其它,3室1厅,91.91㎡,共9层,南,139万,,2023-07-23
797f2d4f1bd2d2fa,城建万科城 2室1厅 74.84平米,延庆,延庆-延庆其它,2室1厅,74.84㎡,共9层,南,134万,,2023-02-23
6f7c3f8aa54db3f1,龙聚山庄 6室2厅 328.12平米,延庆,延庆-延庆其它,6室2厅,328.12㎡,共2层,南北,390万,,2025-10-14
6f7c3f8aa54db3f1,龙聚山庄 1室1厅 52.05平米,延庆,延庆-延庆其它,1室1厅,52.05㎡,共3层,东,49万,,2024-05-11
6f7c3f8aa54db3f1,龙聚山庄 2室2厅 82.11平米,延庆,延庆-延庆其它,2室2厅,82.11㎡,共4层,南,64万,,2023-12-02
6f7c3f8aa54db3f1,龙聚山庄 2室1厅 82.11平米,延庆,延庆-延庆其它,2室1厅,82.11㎡,共4层,南,64万,,2023-11-26
6f7c3f8aa54db3f1,龙聚山庄 3室1厅 104.92平米,延庆,延庆-延庆其它,3室1厅,104.92㎡,共4层,南,90万,,2023-10-13
6f7c3f8aa54db3f1,龙聚山庄 2室1厅 79.69平米,延庆,延庆-延庆其它,2室1厅,79.69㎡,共4层,南,74万,,2023-07-22
6f7c3f8aa54db3f1,龙聚山庄 2室1厅 65.63平米,延庆,延庆-延庆其它,2室1厅,65.63㎡,共6层,南,75万,,2023-01-17
7ced3d3fa83170b6,龙聚山庄 6室2厅 328.12平米,延庆,延庆-延庆其它,6室2厅,328.12㎡,共2层,南北,390万,,2025-10-14
7ced3d3fa83170b6,龙聚山庄 1室1厅 52.05平米,延庆,延庆-延庆其它,1室1厅,52.05㎡,共3层,东,49万,,2024-05-11
7ced3d3fa83170b6,龙聚山庄 2室2厅 82.11平米,延庆,延庆-延庆其它,2室2厅,82.11㎡,共4层,南,64万,,2023-12-02
7ced3d3fa83170b6,龙聚山庄 2室1厅 82.11平米,延庆,延庆-延庆其它,2室1厅,82.11㎡,共4层,南,64万,,2023-11-26
7ced3d3fa83170b6,龙聚山庄 3室1厅 104.92平米,延庆,延庆-延庆其它,3室1厅,104.92㎡,共4层,南,90万,,2023-10-13
7ced3d3fa83170b6,龙聚山庄 2室1厅 79.69平米,延庆,延庆-延庆其它,2室1厅,79.69㎡,共4层,南,74万,,2023-07-22
7ced3d3fa83170b6,龙聚山庄 2室1厅 65.63平米,延庆,延庆-延庆其它,2室1厅,65.63㎡,共6层,南,75万,,2023-01-17
21022d6608861526,城建万科城 2室2厅 74.72平米,延庆,延庆-延庆其它,2室2厅,74.72㎡,共9层,南北,76万,,2025-10-17
21022d6608861526,城建万科城 2室1厅 74.72平米,延庆,延庆-延庆其它,2室1厅,74.72㎡,共9层,南,99万,,2024-05-01
21022d6608861526,城建万科城 3室2厅 89.99平米,延庆,延庆-延庆其它,3室2厅,89.99㎡,共9层,南,145万,,2023-12-27
21022d6608861526,城建万科城 3室1厅 92.58平米,延庆,延庆-延庆其它,3室1厅,92.58㎡,共8层,南,144万,,2023-12-26
21022d6608861526,城建万科城 2室1厅 81.41平米,延庆,延庆-延庆其它,2室1厅,81.41㎡,共6层,南,89万,,2023-11-18
21022d6608861526,城建万科城 49.66平米,延庆,延庆-延庆其它,,49.66㎡,共9层,南,54万,,2023-10-31
21022d6608861526,城建万科城 3室1厅 89.55平米,延庆,延庆-延庆其它,3室1厅,89.55㎡,共9层,南,149万,,2023-08-08
21022d6608861526,城建万科城 3室1厅 89.63平米,延庆,延庆-延庆其它,3室1厅,89.63㎡,共9层,南,140万,,2023-07-25
21022d6608861526,城建万科城 3室1厅 91.91平米,延庆,延庆-延庆其它,3室1厅,91.91㎡,共9层,南,139万,,2023-07-23
21022d6608861526,城建万科城 2室1厅 74.84平米,延庆,延庆-延庆其它,2室1厅,74.84㎡,共9层,南,134万,,2023-02-23
821daf23c0c80a10,城建万科城 2室2厅 74.72平米,延庆,延庆-延庆其它,2室2厅,74.72㎡,共9层,南北,76万,,2025-10-17
821daf23c0c80a10,城建万科城 2室1厅 74.72平米,延庆,延庆-延庆其它,2室1厅,74.72㎡,共9层,南,99万,,2024-05-01
821daf23c0c80a10,城建万科城 3室2厅 89.99平米,延庆,延庆-延庆其它,3室2厅,89.99㎡,共9层,南,145万,,2023-12-27
821daf23c0c80a10,城建万科城 3室1厅 92.58平米,延庆,延庆-延庆其它,3室1厅,92.58㎡,共8层,南,144万,,2023-12-26
821daf23c0c80a10,城建万科城 2室1厅 81.41平米,延庆,延庆-延庆其它,2室1厅,81.41㎡,共6层,南,89万,,2023-11-18
821daf23c0c80a10,城建万科城 49.66平米,延庆,延庆-延庆其它,,49.66㎡,共9层,南,54万,,2023-10-31
821daf23c0c80a10,城建万科城 3室1厅 89.55平米,延庆,延庆-延庆其它,3室1厅,89.55㎡,共9层,南,149万,,2023-08-08
821daf23c0c80a10,城建万科城 3室1厅 89.63平米,延庆,延庆-延庆其它,3室1厅,89.63㎡,共9层,南,140万,,2023-07-25
821daf23c0c80a10,城建万科城 3室1厅 91.91平米,延庆,延庆-延庆其它,3室1厅,91.91㎡,共9层,南,139万,,2023-07-23
821daf23c0c80a10,城建万科城 2室1厅 74.84平米,延庆,延庆-延庆其它,2室1厅,74.84㎡,共9层,南,134万,,2023-02-23
3fe7424de199964b,龙聚山庄 6室2厅 328.12平米,延庆,延庆-延庆其它,6室2厅,328.12㎡,共2层,南北,390万,,2025-10-14
3fe7424de199964b,龙聚山庄 1室1厅 52.05平米,延庆,延庆-延庆其它,1室1厅,52.05㎡,共3层,东,49万,,2024-05-11
3fe7424de199964b,龙聚山庄 2室2厅 82.11平米,延庆,延庆-延庆其它,2室2厅,82.11㎡,共4层,南,64万,,2023-12-02
3fe7424de199964b,龙聚山庄 2室1厅 82.11平米,延庆,延庆-延庆其它,2室1厅,82.11㎡,共4层,南,64万,,2023-11-26
3fe7424de199964b,龙聚山庄 3室1厅 104.92平米,延庆,延庆-延庆其它,3室1厅,104.92㎡,共4层,南,90万,,2023-10-13
3fe7424de199964b,龙聚山庄 2室1厅 79.69平米,延庆,延庆-延庆其它,2室1厅,79.69㎡,共4层,南,74万,,2023-07-22
3fe7424de199964b,龙聚山庄 2室1厅 65.63平米,延庆,延庆-延庆其它,2室1厅,65.63㎡,共6层,南,75万,,2023-01-17
2aebaebeb22456b5,龙聚山庄 6室2厅 328.12平米,延庆,延庆-延庆其它,6室2厅,328.12㎡,共2层,南北,390万,,2025-10-14
2aebaebeb22456b5,龙聚山庄 1室1厅 52.05平米,延庆,延庆-延庆其它,1室1厅,52.05㎡,共3层,东,49万,,2024-05-11
2aebaebeb22456b5,龙聚山庄 2室2厅 82.11平米,延庆,延庆-延庆其它,2室2厅,82.11㎡,共4层,南,64万,,2023-12-02
2aebaebeb22456b5,龙聚山庄 2室1厅 82.11平米,延庆,延庆-延庆其它,2室1厅,82.11㎡,共4层,南,64万,,2023-11-26
2aebaebeb22456b5,龙聚山庄 3室1厅 104.92平米,延庆,延庆-延庆其它,3室1厅,104.92㎡,共4层,南,90万,,2023-10-13
2aebaebeb22456b5,龙聚山庄 2室1厅 79.69平米,延庆,延庆-延庆其它,2室1厅,79.69㎡,共4层,南,74万,,2023-07-22
2aebaebeb22456b5,龙聚山庄 2室1厅 65.63平米,延庆,延庆-延庆其它,2室1厅,65.63㎡,共6层,南,75万,,2023-01-17
5565d3742fc1ad14,龙聚山庄 6室2厅 328.12平米,延庆,延庆-延庆其它,6室2厅,328.12㎡,共2层,南北,390万,,2025-10-14
5565d3742fc1ad14,龙聚山庄 1室1厅 52.05平米,延庆,延庆-延庆其它,1室1厅,52.05㎡,共3层,东,49万,,2024-05-11
5565d3742fc1ad14,龙聚山庄 2室2厅 82.11平米,延庆,延庆-延庆其它,2室2厅,82.11㎡,共4层,南,64万,,2023-12-02
5565d3742fc1ad14,龙聚山庄 2室1厅 82.11平米,延庆,延庆-延庆其它,2室1厅,82.11㎡,共4层,南,64万,,2023-11-26
5565d3742fc1ad14,龙聚山庄 3室1厅 104.92平米,延庆,延庆-延庆其它,3室1厅,104.92㎡,共4层,南,90万,,2023-10-13
5565d3742fc1ad14,龙聚山庄 2室1厅 79.69平米,延庆,延庆-延庆其它,2室1厅,79.69㎡,共4层,南,74万,,2023-07-22
5565d3742fc1ad14,龙聚山庄 2室1厅 65.63平米,延庆,延庆-延庆其它,2室1厅,65.63㎡,共6层,南,75万,,2023-01-17
defb555564676601,城建万科城 2室2厅 74.72平米,延庆,延庆-延庆其它,2室2厅,74.72㎡,共9层,南北,76万,,2025-10-17
defb555564676601,城建万科城 2室1厅 74.72平米,延庆,延庆-延庆其它,2室1厅,74.72㎡,共9层,南,99万,,2024-05-01
defb555564676601,城建万科城 3室2厅 89.99平米,延庆,延庆-延庆其它,3室2厅,89.99㎡,共9层,南,145万,,2023-12-27
defb555564676601,城建万科城 3室1厅 92.58平米,延庆,延庆-延庆其它,3室1厅,92.58㎡,共8层,南,144万,,2023-12-26
defb555564676601,城建万科城 2室1厅 81.41平米,延庆,延庆-延庆其它,2室1厅,81.41㎡,共6层,南,89万,,2023-11-18
defb555564676601,城建万科城 49.66平米,延庆,延庆-延庆其它,,49.66㎡,共9层,南,54万,,2023-10-31
defb555564676601,城建万科城 3室1厅 89.55平米,延庆,延庆-延庆其它,3室1厅,89.55㎡,共9层,南,149万,,2023-08-08
defb555564676601,城建万科城 3室1厅 89.63平米,延庆,延庆-延庆其它,3室1厅,89.63㎡,共9层,南,140万,,2023-07-25
defb555564676601,城建万科城 3室1厅 91.91平米,延庆,延庆-延庆其它,3室1厅,91.91㎡,共9层,南,139万,,2023-07-23
defb555564676601,城建万科城 2室1厅 74.84平米,延庆,延庆-延庆其它,2室1厅,74.84㎡,共9层,南,134万,,2023-02-23
04501035c67e05e8,龙聚山庄 6室2厅 328.12平米,延庆,延庆-延庆其它,6室2厅,328.12㎡,共2层,南北,390万,,2025-10-14
04501035c67e05e8,龙聚山庄 1室1厅 52.05平米,延庆,延庆-延庆其它,1室1厅,52.05㎡,共3层,东,49万,,2024-05-11
04501035c67e05e8,龙聚山庄 2室2厅 82.11平米,延庆,延庆-延庆其它,2室2厅,82.11㎡,共4层,南,64万,,2023-12-02
04501035c67e05e8,龙聚山庄 2室1厅 82.11平米,延庆,延庆-延庆其它,2室1厅,82.11㎡,共4层,南,64万,,2023-11-26
04501035c67e05e8,龙聚山庄 3室1厅 104.92平米,延庆,延庆-延庆其它,3室1厅,104.92㎡,共4层,南,90万,,2023-10-13
04501035c67e05e8,龙聚山庄 2室1厅 79.69平米,延庆,延庆-延庆其它,2室1厅,79.69㎡,共4层,南,74万,,2023-07-22
04501035c67e05e8,龙聚山庄 2室1厅 65.63平米,延庆,延庆-延庆其它,2室1厅,65.63㎡,共6层,南,75万,,2023-01-17
9ac5989e9535a45a,城建万科城 2室2厅 74.72平米,延庆,延庆-延庆其它,2室2厅,74.72㎡,共9层,南北,76万,,2025-10-17
9ac5989e9535a45a,城建万科城 2室1厅 74.72平米,延庆,延庆-延庆其它,2室1厅,74.72㎡,共9层,南,99万,,2024-05-01
9ac5989e9535a45a,城建万科城 3室2厅 89.99平米,延庆,延庆-延庆其它,3室2厅,89.99㎡,共9层,南,145万,,2023-12-27
9ac5989e9535a45a,城建万科城 3室1厅 92.58平米,延庆,延庆-延庆其它,3室1厅,92.58㎡,共8层,南,144万,,2023-12-26
9ac5989e9535a45a,城建万科城 2室1厅 81.41平米,延庆,延庆-延庆其它,2室1厅,81.41㎡,共6层,南,89万,,2023-11-18
9ac5989e9535a45a,城建万科城 49.66平米,延庆,延庆-延庆其它,,49.66㎡,共9层,南,54万,,2023-10-31
9ac5989e9535a45a,城建万科城 3室1厅 89.55平米,延庆,延庆-延庆其它,3室1厅,89.55㎡,共9层,南,149万,,2023-08-08
9ac5989e9535a45a,城建万科城 3室1厅 89.63平米,延庆,延庆-延庆其它,3室1厅,89.63㎡,共9层,南,140万,,2023-07-25
9ac5989e9535a45a,城建万科城 3室1厅 91.91平米,延庆,延庆-延庆其它,3室1厅,91.91㎡,共9层,南,139万,,2023-07-23
9ac5989e9535a45a,城建万科城 2室1厅 74.84平米,延庆,延庆-延庆其它,2室1厅,74.84㎡,共9层,南,134万,,2023-02-23
0d46d6c5909522eb,城建万科城 2室2厅 74.72平米,延庆,延庆-延庆其它,2室2厅,74.72㎡,共9层,南北,76万,,2025-10-17
0d46d6c5909522eb,城建万科城 2室1厅 74.72平米,延庆,延庆-延庆其它,2室1厅,74.72㎡,共9层,南,99万,,2024-05-01
0d46d6c5909522eb,城建万科城 3室2厅 89.99平米,延庆,延庆-延庆其它,3室2厅,89.99㎡,共9层,南,145万,,2023-12-27
0d46d6c5909522eb,城建万科城 3室1厅 92.58平米,延庆,延庆-延庆其它,3室1厅,92.58㎡,共8层,南,144万,,2023-12-26
0d46d6c5909522eb,城建万科城 2室1厅 81.41平米,延庆,延庆-延庆其它,2室1厅,81.41㎡,共6层,南,89万,,2023-11-18
0d46d6c5909522eb,城建万科城 49.66平米,延庆,延庆-延庆其它,,49.66㎡,共9层,南,54万,,2023-10-31
0d46d6c5909522eb,城建万科城 3室1厅 89.55平米,延庆,延庆-延庆其它,3室1厅,89.55㎡,共9层,南,149万,,2023-08-08
0d46d6c5909522eb,城建万科城 3室1厅 89.63平米,延庆,延庆-延庆其它,3室1厅,89.63㎡,共9层,南,140万,,2023-07-25
0d46d6c5909522eb,城建万科城 3室1厅 91.91平米,延庆,延庆-延庆其它,3室1厅,91.91㎡,共9层,南,139万,,2023-07-23
0d46d6c5909522eb,城建万科城 2室1厅 74.84平米,延庆,延庆-延庆其它,2室1厅,74.84㎡,共9层,南,134万,,2023-02-23
21e9198caeb6652f,城建万科城 2室2厅 74.72平米,延庆,延庆-延庆其它,2室2厅,74.72㎡,共9层,南北,76万,,2025-10-17
21e9198caeb6652f,城建万科城 2室1厅 74.72平米,延庆,延庆-延庆其它,2室1厅,74.72㎡,共9层,南,99万,,2024-05-01
21e9198caeb6652f,城建万科城 3室2厅 89.99平米,延庆,延庆-延庆其它,3室2厅,89.99㎡,共9层,南,145万,,2023-12-27
21e9198caeb6652f,城建万科城 3室1厅 92.58平米,延庆,延庆-延庆其它,3室1厅,92.58㎡,共8层,南,144万,,2023-12-26
21e9198caeb6652f,城建万科城 2室1厅 81.41平米,延庆,延庆-延庆其它,2室1厅,81.41㎡,共6层,南,89万,,2023-11-18
21e9198caeb6652f,城建万科城 49.66平米,延庆,延庆-延庆其它,,49.66㎡,共9层,南,54万,,2023-10-31
21e9198caeb6652f,城建万科城 3室1厅 89.55平米,延庆,延庆-延庆其它,3室1厅,89.55㎡,共9层,南,149万,,2023-08-08
21e9198caeb6652f,城建万科城 3室1厅 89.63平米,延庆,延庆-延庆其它,3室1厅,89.63㎡,共9层,南,140万,,2023-07-25
21e9198caeb6652f,城建万科城 3室1厅 91.91平米,延庆,延庆-延庆其它,3室1厅,91.91㎡,共9层,南,139万,,2023-07-23
21e9198caeb6652f,城建万科城 2室1厅 74.84平米,延庆,延庆-延庆其它,2室1厅,74.84㎡,共9层,南,134万,,2023-02-23
0eafa0c31b9de30d,八达岭住宅小区 4室2厅 175.64平米,延庆,延庆-八达岭,4室2厅,175.64㎡,共6层,南,155万,,2024-07-17
0eafa0c31b9de30d,八达岭住宅小区 4室2厅 164.05平米,延庆,延庆-八达岭,4室2厅,164.05㎡,共6层,北,165万,,2024-03-13
cc10d6ac658d6d1a,龙聚山庄 6室2厅 328.12平米,延庆,延庆-延庆其它,6室2厅,328.12㎡,共2层,南北,390万,,2025-10-14
cc10d6ac658d6d1a,龙聚山庄 1室1厅 52.05平米,延庆,延庆-延庆其它,1室1厅,52.05㎡,共3层,东,49万,,2024-05-11
cc10d6ac658d6d1a,龙聚山庄 2室2厅 82.11平米,延庆,延庆-延庆其它,2室2厅,82.11㎡,共4层,南,64万,,2023-12-02
cc10d6ac658d6d1a,龙聚山庄 2室1厅 82.11平米,延庆,延庆-延庆其它,2室1厅,82.11㎡,共4层,南,64万,,2023-11-26
cc10d6ac658d6d1a,龙聚山庄 3室1厅 104.92平米,延庆,延庆-延庆其它,3室1厅,104.92㎡,共4层,南,90万,,2023-10-13
cc10d6ac658d6d1a,龙聚山庄 2室1厅 79.69平米,延庆,延庆-延庆其它,2室1厅,79.69㎡,共4层,南,74万,,2023-07-22
cc10d6ac658d6d1a,龙聚山庄 2室1厅 65.63平米,延庆,延庆-延庆其它,2室1厅,65.63㎡,共6层,南,75万,,2023-01-17
da6e685ecf81202c,龙聚山庄 6室2厅 328.12平米,延庆,延庆-延庆其它,6室2厅,328.12㎡,共2层,南北,390万,,2025-10-14
da6e685ecf81202c,龙聚山庄 1室1厅 52.05平米,延庆,延庆-延庆其它,1室1厅,52.05㎡,共3层,东,49万,,2024-05-11
da6e685ecf81202c,龙聚山庄 2室2厅 82.11平米,延庆,延庆-延庆其它,2室2厅,82.11㎡,共4层,南,64万,,2023-12-02
da6e685ecf81202c,龙聚山庄 2室1厅 82.11平米,延庆,延庆-延庆其它,2室1厅,82.11㎡,共4层,南,64万,,2023-11-26
da6e685ecf81202c,龙聚山庄 3室1厅 104.92平米,延庆,延庆-延庆其它,3室1厅,104.92㎡,共4层,南,90万,,2023-10-13
da6e685ecf81202c,龙聚山庄 2室1厅 79.69平米,延庆,延庆-延庆其它,2室1厅,79.69㎡,共4层,南,74万,,2023-07-22
da6e685ecf81202c,龙聚山庄 2室1厅 65.63平米,延庆,延庆-延庆其它,2室1厅,65.63㎡,共6层,南,75万,,2023-01-17
f8dcad9776d91fe0,城建万科城 2室2厅 74.72平米,延庆,延庆-延庆其它,2室2厅,74.72㎡,共9层,南北,76万,,2025-10-17
f8dcad9776d91fe0,城建万科城 2室1厅 74.72平米,延庆,延庆-延庆其它,2室1厅,74.72㎡,共9层,南,99万,,2024-05-01
f8dcad9776d91fe0,城建万科城 3室2厅 89.99平米,延庆,延庆-延庆其它,3室2厅,89.99㎡,共9层,南,145万,,2023-12-27
f8dcad9776d91fe0,城建万科城 3室1厅 92.58平米,延庆,延庆-延庆其它,3室1厅,92.58㎡,共8层,南,144万,,2023-12-26
f8dcad9776d91fe0,城建万科城 2室1厅 81.41平米,延庆,延庆-延庆其它,2室1厅,81.41㎡,共6层,南,89万,,2023-11-18
f8dcad9776d91fe0,城建万科城 49.66平米,延庆,延庆-延庆其它,,49.66㎡,共9层,南,54万,,2023-10-31
f8dcad9776d91fe0,城建万科城 3室1厅 89.55平米,延庆,延庆-延庆其它,3室1厅,89.55㎡,共9层,南,149万,,2023-08-08
f8dcad9776d91fe0,城建万科城 3室1厅 89.63平米,延庆,延庆-延庆其它,3室1厅,89.63㎡,共9层,南,140万,,2023-07-25
f8dcad9776d91fe0,城建万科城 3室1厅 91.91平米,延庆,延庆-延庆其它,3室1厅,91.91㎡,共9层,南,139万,,2023-07-23
f8dcad9776d91fe0,城建万科城 2室1厅 74.84平米,延庆,延庆-延庆其它,2室1厅,74.84㎡,共9层,南,134万,,2023-02-23
12b95da7315a0890,清凉盛景 8室2厅 342.47平米,延庆,延庆-八达岭,8室2厅,342.47㎡,共2层,南,720万,,2024-05-19
12b95da7315a0890,清凉盛景 6室3厅 284.88平米,延庆,延庆-八达岭,6室3厅,284.88㎡,共2层,南,885万,,2023-04-09
6d7d4f7d09101c68,龙聚山庄 6室2厅 328.12平米,延庆,延庆-延庆其它,6室2厅,328.12㎡,共2层,南北,390万,,2025-10-14
6d7d4f7d09101c68,龙聚山庄 1室1厅 52.05平米,延庆,延庆-延庆其它,1室1厅,52.05㎡,共3层,东,49万,,2024-05-11
6d7d4f7d09101c68,龙聚山庄 2室2厅 82.11平米,延庆,延庆-延庆其它,2室2厅,82.11㎡,共4层,南,64万,,2023-12-02
6d7d4f7d09101c68,龙聚山庄 2室1厅 82.11平米,延庆,延庆-延庆其它,2室1厅,82.11㎡,共4层,南,64万,,2023-11-26
6d7d4f7d09101c68,龙聚山庄 3室1厅 104.92平米,延庆,延庆-延庆其它,3室1厅,104.92㎡,共4层,南,90万,,2023-10-13
6d7d4f7d09101c68,龙聚山庄 2室1厅 79.69平米,延庆,延庆-延庆其它,2室1厅,79.69㎡,共4层,南,74万,,2023-07-22
6d7d4f7d09101c68,龙聚山庄 2室1厅 65.63平米,延庆,延庆-延庆其它,2室1厅,65.63㎡,共6层,南,75万,,2023-01-17
3a44bd87ec7ac1b4,城建万科城 2室2厅 74.72平米,延庆,延庆-延庆其它,2室2厅,74.72㎡,共9层,南北,76万,,2025-10-17
3a44bd87ec7ac1b4,城建万科城 2室1厅 74.72平米,延庆,延庆-延庆其它,2室1厅,74.72㎡,共9层,南,99万,,2024-05-01
3a44bd87ec7ac1b4,城建万科城 3室2厅 89.99平米,延庆,延庆-延庆其它,3室2厅,89.99㎡,共9层,南,145万,,2023-12-27
3a44bd87ec7ac1b4,城建万科城 3室1厅 92.58平米,延庆,延庆-延庆其它,3室1厅,92.58㎡,共8层,南,144万,,2023-12-26
3a44bd87ec7ac1b4,城建万科城 2室1厅 81.41平米,延庆,延庆-延庆其它,2室1厅,81.41㎡,共6层,南,89万,,2023-11-18
3a44bd87ec7ac1b4,城建万科城 49.66平米,延庆,延庆-延庆其它,,49.66㎡,共9层,南,54万,,2023-10-31
3a44bd87ec7ac1b4,城建万科城 3室1厅 89.55平米,延庆,延庆-延庆其它,3室1厅,89.55㎡,共9层,南,149万,,2023-08-08
3a44bd87ec7ac1b4,城建万科城 3室1厅 89.63平米,延庆,延庆-延庆其它,3室1厅,89.63㎡,共9层,南,140万,,2023-07-25
3a44bd87ec7ac1b4,城建万科城 3室1厅 91.91平米,延庆,延庆-延庆其它,3室1厅,91.91㎡,共9层,南,139万,,2023-07-23
3a44bd87ec7ac1b4,城建万科城 2室1厅 74.84平米,延庆,延庆-延庆其它,2室1厅,74.84㎡,共9层,南,134万,,2023-02-23
d618b9c9855d8bf6,八达岭住宅小区 4室2厅 175.64平米,延庆,延庆-八达岭,4室2厅,175.64㎡,共6层,南,155万,,2024-07-17
d618b9c9855d8bf6,八达岭住宅小区 4室2厅 164.05平米,延庆,延庆-八达岭,4室2厅,164.05㎡,共6层,北,165万,,2024-03-13
c728b95c6fd02b95,城建万科城 2室2厅 74.72平米,延庆,延庆-延庆其它,2室2厅,74.72㎡,共9层,南北,76万,,2025-10-17
c728b95c6fd02b95,城建万科城 2室1厅 74.72平米,延庆,延庆-延庆其它,2室1厅,74.72㎡,共9层,南,99万,,2024-05-01
c728b95c6fd02b95,城建万科城 3室2厅 89.99平米,延庆,延庆-延庆其它,3室2厅,89.99㎡,共9层,南,145万,,2023-12-27
c728b95c6fd02b95,城建万科城 3室1厅 92.58平米,延庆,延庆-延庆其它,3室1厅,92.58㎡,共8层,南,144万,,2023-12-26
c728b95c6fd02b95,城建万科城 2室1厅 81.41平米,延庆,延庆-延庆其它,2室1厅,81.41㎡,共6层,南,89万,,2023-11-18
c728b95c6fd02b95,城建万科城 49.66平米,延庆,延庆-延庆其它,,49.66㎡,共9层,南,54万,,2023-10-31
c728b95c6fd02b95,城建万科城 3室1厅 89.55平米,延庆,延庆-延庆其它,3室1厅,89.55㎡,共9层,南,149万,,2023-08-08
c728b95c6fd02b95,城建万科城 3室1厅 89.63平米,延庆,延庆-延庆其它,3室1厅,89.63㎡,共9层,南,140万,,2023-07-25
c728b95c6fd02b95,城建万科城 3室1厅 91.91平米,延庆,延庆-延庆其它,3室1厅,91.91㎡,共9层,南,139万,,2023-07-23
c728b95c6fd02b95,城建万科城 2室1厅 74.84平米,延庆,延庆-延庆其它,2室1厅,74.84㎡,共9层,南,134万,,2023-02-23
6898aae3ae35ae6e,城建万科城 2室2厅 74.72平米,延庆,延庆-延庆其它,2室2厅,74.72㎡,共9层,南北,76万,,2025-10-17
6898aae3ae35ae6e,城建万科城 2室1厅 74.72平米,延庆,延庆-延庆其它,2室1厅,74.72㎡,共9层,南,99万,,2024-05-01
6898aae3ae35ae6e,城建万科城 3室2厅 89.99平米,延庆,延庆-延庆其它,3室2厅,89.99㎡,共9层,南,145万,,2023-12-27
6898aae3ae35ae6e,城建万科城 3室1厅 92.58平米,延庆,延庆-延庆其它,3室1厅,92.58㎡,共8层,南,144万,,2023-12-26
6898aae3ae35ae6e,城建万科城 2室1厅 81.41平米,延庆,延庆-延庆其它,2室1厅,81.41㎡,共6层,南,89万,,2023-11-18
6898aae3ae35ae6e,城建万科城 49.66平米,延庆,延庆-延庆其它,,49.66㎡,共9层,南,54万,,2023-10-31
6898aae3ae35ae6e,城建万科城 3室1厅 89.55平米,延庆,延庆-延庆其它,3室1厅,89.55㎡,共9层,南,149万,,2023-08-08
6898aae3ae35ae6e,城建万科城 3室1厅 89.63平米,延庆,延庆-延庆其它,3室1厅,89.63㎡,共9层,南,140万,,2023-07-25
6898aae3ae35ae6e,城建万科城 3室1厅 91.91平米,延庆,延庆-延庆其它,3室1厅,91.91㎡,共9层,南,139万,,2023-07-23
6898aae3ae35ae6e,城建万科城 2室1厅 74.84平米,延庆,延庆-延庆其它,2室1厅,74.84㎡,共9层,南,134万,,2023-02-23
98d7725e51786b17,城建万科城 2室2厅 74.72平米,延庆,延庆-延庆其它,2室2厅,74.72㎡,共9层,南北,76万,,2025-10-17
98d7725e51786b17,城建万科城 2室1厅 74.72平米,延庆,延庆-延庆其它,2室1厅,74.72㎡,共9层,南,99万,,2024-05-01
98d7725e51786b17,城建万科城 3室2厅 89.99平米,延庆,延庆-延庆其它,3室2厅,89.99㎡,共9层,南,145万,,2023-12-27
98d7725e51786b17,城建万科城 3室1厅 92.58平米,延庆,延庆-延庆其它,3室1厅,92.58㎡,共8层,南,144万,,2023-12-26
98d7725e51786b17,城建万科城 2室1厅 81.41平米,延庆,延庆-延庆其它,2室1厅,81.41㎡,共6层,南,89万,,2023-11-18
98d7725e51786b17,城建万科城 49.66平米,延庆,延庆-延庆其它,,49.66㎡,共9层,南,54万,,2023-10-31
98d7725e51786b17,城建万科城 3室1厅 89.55平米,延庆,延庆-延庆其它,3室1厅,89.55㎡,共9层,南,149万,,2023-08-08
98d7725e51786b17,城建万科城 3室1厅 89.63平米,延庆,延庆-延庆其它,3室1厅,89.63㎡,共9层,南,140万,,2023-07-25
98d7725e51786b17,城建万科城 3室1厅 91.91平米,延庆,延庆-延庆其它,3室1厅,91.91㎡,共9层,南,139万,,2023-07-23
98d7725e51786b17,城建万科城 2室1厅 74.84平米,延庆,延庆-延庆其它,2室1厅,74.84㎡,共9层,南,134万,,2023-02-23
082708ac5636b344,城建万科城 2室2厅 74.72平米,延庆,延庆-延庆其它,2室2厅,74.72㎡,共9层,南北,76万,,2025-10-17
082708ac5636b344,城建万科城 2室1厅 74.72平米,延庆,延庆-延庆其它,2室1厅,74.72㎡,共9层,南,99万,,2024-05-01
082708ac5636b344,城建万科城 3室2厅 89.99平米,延庆,延庆-延庆其它,3室2厅,89.99㎡,共9层,南,145万,,2023-12-27
082708ac5636b344,城建万科城 3室1厅 92.58平米,延庆,延庆-延庆其它,3室1厅,92.58㎡,共8层,南,144万,,2023-12-26
082708ac5636b344,城建万科城 2室1厅 81.41平米,延庆,延庆-延庆其它,2室1厅,81.41㎡,共6层,南,89万,,2023-11-18
082708ac5636b344,城建万科城 49.66平米,延庆,延庆-延庆其它,,49.66㎡,共9层,南,54万,,2023-10-31
082708ac5636b344,城建万科城 3室1厅 89.55平米,延庆,延庆-延庆其它,3室1厅,89.55㎡,共9层,南,149万,,2023-08-08
082708ac5636b344,城建万科城 3室1厅 89.63平米,延庆,延庆-延庆其它,3室1厅,89.63㎡,共9层,南,140万,,2023-07-25
082708ac5636b344,城建万科城 3室1厅 91.91平米,延庆,延庆-延庆其它,3室1厅,91.91㎡,共9层,南,139万,,2023-07-23
082708ac5636b344,城建万科城 2室1厅 74.84平米,延庆,延庆-延庆其它,2室1厅,74.84㎡,共9层,南,134万,,2023-02-23
8cf73930725b10a1,龙聚山庄 6室2厅 328.12平米,延庆,延庆-延庆其它,6室2厅,328.12㎡,共2层,南北,390万,,2025-10-14
8cf73930725b10a1,龙聚山庄 1室1厅 52.05平米,延庆,延庆-延庆其它,1室1厅,52.05㎡,共3层,东,49万,,2024-05-11
8cf73930725b10a1,龙聚山庄 2室2厅 82.11平米,延庆,延庆-延庆其它,2室2厅,82.11㎡,共4层,南,64万,,2023-12-02
8cf73930725b10a1,龙聚山庄 2室1厅 82.11平米,延庆,延庆-延庆其它,2室1厅,82.11㎡,共4层,南,64万,,2023-11-26
8cf73930725b10a1,龙聚山庄 3室1厅 104.92平米,延庆,延庆-延庆其它,3室1厅,104.92㎡,共4层,南,90万,,2023-10-13
8cf73930725b10a1,龙聚山庄 2室1厅 79.69平米,延庆,延庆-延庆其它,2室1厅,79.69㎡,共4层,南,74万,,2023-07-22
8cf73930725b10a1,龙聚山庄 2室1厅 65.63平米,延庆,延庆-延庆其它,2室1厅,65.63㎡,共6层,南,75万,,2023-01-17
3c3163b6daef978f,龙聚山庄 6室2厅 328.12平米,延庆,延庆-延庆其它,6室2厅,328.12㎡,共2层,南北,390万,,2025-10-14
3c3163b6daef978f,龙聚山庄 1室1厅 52.05平米,延庆,延庆-延庆其它,1室1厅,52.05㎡,共3层,东,49万,,2024-05-11
3c3163b6daef978f,龙聚山庄 2室2厅 82.11平米,延庆,延庆-延庆其它,2室2厅,82.11㎡,共4层,南,64万,,2023-12-02
3c3163b6daef978f,龙聚山庄 2室1厅 82.11平米,延庆,延庆-延庆其它,2室1厅,82.11㎡,共4层,南,64万,,2023-11-26
3c3163b6daef978f,龙聚山庄 3室1厅 104.92平米,延庆,延庆-延庆其它,3室1厅,104.92㎡,共4层,南,90万,,2023-10-13
3c3163b6daef978f,龙聚山庄 2室1厅 79.69平米,延庆,延庆-延庆其它,2室1厅,79.69㎡,共4层,南,74万,,2023-07-22
3c3163b6daef978f,龙聚山庄 2室1厅 65.63平米,延庆,延庆-延庆其它,2室1厅,65.63㎡,共6层,南,75万,,2023-01-17
3e7336f503eff14a,城建万科城 2室2厅 74.72平米,延庆,延庆-延庆其它,2室2厅,74.72㎡,共9层,南北,76万,,2025-10-17
3e7336f503eff14a,城建万科城 2室1厅 74.72平米,延庆,延庆-延庆其它,2室1厅,74.72㎡,共9层,南,99万,,2024-05-01
3e7336f503eff14a,城建万科城 3室2厅 89.99平米,延庆,延庆-延庆其它,3室2厅,89.99㎡,共9层,南,145万,,2023-12-27
3e7336f503eff14a,城建万科城 3室1厅 92.58平米,延庆,延庆-延庆其它,3室1厅,92.58㎡,共8层,南,144万,,2023-12-26
3e7336f503eff14a,城建万科城 2室1厅 81.41平米,延庆,延庆-延庆其它,2室1厅,81.41㎡,共6层,南,89万,,2023-11-18
3e7336f503eff14a,城建万科城 49.66平米,延庆,延庆-延庆其它,,49.66㎡,共9层,南,54万,,2023-10-31
3e7336f503eff14a,城建万科城 3室1厅 89.55平米,延庆,延庆-延庆其它,3室1厅,89.55㎡,共9层,南,149万,,2023-08-08
3e7336f503eff14a,城建万科城 3室1厅 89.63平米,延庆,延庆-延庆其它,3室1厅,89.63㎡,共9层,南,140万,,2023-07-25
3e7336f503eff14a,城建万科城 3室1厅 91.91平米,延庆,延庆-延庆其它,3室1厅,91.91㎡,共9层,南,139万,,2023-07-23
3e7336f503eff14a,城建万科城 2室1厅 74.84平米,延庆,延庆-延庆其它,2室1厅,74.84㎡,共9层,南,134万,,2023-02-23
035f1b2b726bcbff,龙聚山庄 6室2厅 328.12平米,延庆,延庆-延庆其它,6室2厅,328.12㎡,共2层,南北,390万,,2025-10-14
035f1b2b726bcbff,龙聚山庄 1室1厅 52.05平米,延庆,延庆-延庆其它,1室1厅,52.05㎡,共3层,东,49万,,2024-05-11
035f1b2b726bcbff,龙聚山庄 2室2厅 82.11平米,延庆,延庆-延庆其它,2室2厅,82.11㎡,共4层,南,64万,,2023-12-02
035f1b2b726bcbff,龙聚山庄 2室1厅 82.11平米,延庆,延庆-延庆其它,2室1厅,82.11㎡,共4层,南,64万,,2023-11-26
035f1b2b726bcbff,龙聚山庄 3室1厅 104.92平米,延庆,延庆-延庆其它,3室1厅,104.92㎡,共4层,南,90万,,2023-10-13
035f1b2b726bcbff,龙聚山庄 2室1厅 79.69平米,延庆,延庆-延庆其它,2室1厅,79.69㎡,共4层,南,74万,,2023-07-22
035f1b2b726bcbff,龙聚山庄 2室1厅 65.63平米,延庆,延庆-延庆其它,2室1厅,65.63㎡,共6层,南,75万,,2023-01-17
16e86905c1a361e7,城建万科城 2室2厅 74.72平米,延庆,延庆-延庆其它,2室2厅,74.72㎡,共9层,南北,76万,,2025-10-17
16e86905c1a361e7,城建万科城 2室1厅 74.72平米,延庆,延庆-延庆其它,2室1厅,74.72㎡,共9层,南,99万,,2024-05-01
16e86905c1a361e7,城建万科城 3室2厅 89.99平米,延庆,延庆-延庆其它,3室2厅,89.99㎡,共9层,南,145万,,2023-12-27
16e86905c1a361e7,城建万科城 3室1厅 92.58平米,延庆,延庆-延庆其它,3室1厅,92.58㎡,共8层,南,144万,,2023-12-26
16e86905c1a361e7,城建万科城 2室1厅 81.41平米,延庆,延庆-延庆其它,2室1厅,81.41㎡,共6层,南,89万,,2023-11-18
16e86905c1a361e7,城建万科城 49.66平米,延庆,延庆-延庆其它,,49.66㎡,共9层,南,54万,,2023-10-31
16e86905c1a361e7,城建万科城 3室1厅 89.55平米,延庆,延庆-延庆其它,3室1厅,89.55㎡,共9层,南,149万,,2023-08-08
16e86905c1a361e7,城建万科城 3室1厅 89.63平米,延庆,延庆-延庆其它,3室1厅,89.63㎡,共9层,南,140万,,2023-07-25
16e86905c1a361e7,城建万科城 3室1厅 91.91平米,延庆,延庆-延庆其它,3室1厅,91.91㎡,共9层,南,139万,,2023-07-23
16e86905c1a361e7,城建万科城 2室1厅 74.84平米,延庆,延庆-延庆其它,2室1厅,74.84㎡,共9层,南,134万,,2023-02-23
762b563b03844da5,龙聚山庄 6室2厅 328.12平米,延庆,延庆-延庆其它,6室2厅,328.12㎡,共2层,南北,390万,,2025-10-14
762b563b03844da5,龙聚山庄 1室1厅 52.05平米,延庆,延庆-延庆其它,1室1厅,52.05㎡,共3层,东,49万,,2024-05-11
762b563b03844da5,龙聚山庄 2室2厅 82.11平米,延庆,延庆-延庆其它,2室2厅,82.11㎡,共4层,南,64万,,2023-12-02
762b563b03844da5,龙聚山庄 2室1厅 82.11平米,延庆,延庆-延庆其它,2室1厅,82.11㎡,共4层,南,64万,,2023-11-26
762b563b03844da5,龙聚山庄 3室1厅 104.92平米,延庆,延庆-延庆其它,3室1厅,104.92㎡,共4层,南,90万,,2023-10-13
762b563b03844da5,龙聚山庄 2室1厅 79.69平米,延庆,延庆-延庆其它,2室1厅,79.69㎡,共4层,南,74万,,2023-07-22
762b563b03844da5,龙聚山庄 2室1厅 65.63平米,延庆,延庆-延庆其它,2室1厅,65.63㎡,共6层,南,75万,,2023-01-17
e318dee8ed647148,龙聚山庄 6室2厅 328.12平米,延庆,延庆-延庆其它,6室2厅,328.12㎡,共2层,南北,390万,,2025-10-14
e318dee8ed647148,龙聚山庄 1室1厅 52.05平米,延庆,延庆-延庆其它,1室1厅,52.05㎡,共3层,东,49万,,2024-05-11
e318dee8ed647148,龙聚山庄 2室2厅 82.11平米,延庆,延庆-延庆其它,2室2厅,82.11㎡,共4层,南,64万,,2023-12-02
e318dee8ed647148,龙聚山庄 2室1厅 82.11平米,延庆,延庆-延庆其它,2室1厅,82.11㎡,共4层,南,64万,,2023-11-26
e318dee8ed647148,龙聚山庄 3室1厅 104.92平米,延庆,延庆-延庆其它,3室1厅,104.92㎡,共4层,南,90万,,2023-10-13
e318dee8ed647148,龙聚山庄 2室1厅 79.69平米,延庆,延庆-延庆其它,2室1厅,79.69㎡,共4层,南,74万,,2023-07-22
e318dee8ed647148,龙聚山庄 2室1厅 65.63平米,延庆,延庆-延庆其它,2室1厅,65.63㎡,共6层,南,75万,,2023-01-17
fc505d636ddf2786,八达岭住宅小区 4室2厅 175.64平米,延庆,延庆-八达岭,4室2厅,175.64㎡,共6层,南,155万,,2024-07-17
fc505d636ddf2786,八达岭住宅小区 4室2厅 164.05平米,延庆,延庆-八达岭,4室2厅,164.05㎡,共6层,北,165万,,2024-03-13
939b49fccde40d40,城建万科城 2室2厅 74.72平米,延庆,延庆-延庆其它,2室2厅,74.72㎡,共9层,南北,76万,,2025-10-17
939b49fccde40d40,城建万科城 2室1厅 74.72平米,延庆,延庆-延庆其它,2室1厅,74.72㎡,共9层,南,99万,,2024-05-01
939b49fccde40d40,城建万科城 3室2厅 89.99平米,延庆,延庆-延庆其它,3室2厅,89.99㎡,共9层,南,145万,,2023-12-27
939b49fccde40d40,城建万科城 3室1厅 92.58平米,延庆,延庆-延庆其它,3室1厅,92.58㎡,共8层,南,144万,,2023-12-26
939b49fccde40d40,城建万科城 2室1厅 81.41平米,延庆,延庆-延庆其它,2室1厅,81.41㎡,共6层,南,89万,,2023-11-18
939b49fccde40d40,城建万科城 49.66平米,延庆,延庆-延庆其它,,49.66㎡,共9层,南,54万,,2023-10-31
939b49fccde40d40,城建万科城 3室1厅 89.55平米,延庆,延庆-延庆其它,3室1厅,89.55㎡,共9层,南,149万,,2023-08-08
939b49fccde40d40,城建万科城 3室1厅 89.63平米,延庆,延庆-延庆其它,3室1厅,89.63㎡,共9层,南,140万,,2023-07-25
939b49fccde40d40,城建万科城 3室1厅 91.91平米,延庆,延庆-延庆其它,3室1厅,91.91㎡,共9层,南,139万,,2023-07-23
939b49fccde40d40,城建万科城 2室1厅 74.84平米,延庆,延庆-延庆其它,2室1厅,74.84㎡,共9层,南,134万,,2023-02-23
a670b986c1bb9274,城建万科城 2室2厅 74.72平米,延庆,延庆-延庆其它,2室2厅,74.72㎡,共9层,南北,76万,,2025-10-17
a670b986c1bb9274,城建万科城 2室1厅 74.72平米,延庆,延庆-延庆其它,2室1厅,74.72㎡,共9层,南,99万,,2024-05-01
a670b986c1bb9274,城建万科城 3室2厅 89.99平米,延庆,延庆-延庆其它,3室2厅,89.99㎡,共9层,南,145万,,2023-12-27
a670b986c1bb9274,城建万科城 3室1厅 92.58平米,延庆,延庆-延庆其它,3室1厅,92.58㎡,共8层,南,144万,,2023-12-26
a670b986c1bb9274,城建万科城 2室1厅 81.41平米,延庆,延庆-延庆其它,2室1厅,81.41㎡,共6层,南,89万,,2023-11-18
a670b986c1bb9274,城建万科城 49.66平米,延庆,延庆-延庆其它,,49.66㎡,共9层,南,54万,,2023-10-31
a670b986c1bb9274,城建万科城 3室1厅 89.55平米,延庆,延庆-延庆其它,3室1厅,89.55㎡,共9层,南,149万,,2023-08-08
a670b986c1bb9274,城建万科城 3室1厅 89.63平米,延庆,延庆-延庆其它,3室1厅,89.63㎡,共9层,南,140万,,2023-07-25
a670b986c1bb9274,城建万科城 3室1厅 91.91平米,延庆,延庆-延庆其它,3室1厅,91.91㎡,共9层,南,139万,,2023-07-23
a670b986c1bb9274,城建万科城 2室1厅 74.84平米,延庆,延庆-延庆其它,2室1厅,74.84㎡,共9层,南,134万,,2023-02-23
59821458968166f0,城建万科城 2室2厅 74.72平米,延庆,延庆-延庆其它,2室2厅,74.72㎡,共9层,南北,76万,,2025-10-17
59821458968166f0,城建万科城 2室1厅 74.72平米,延庆,延庆-延庆其它,2室1厅,74.72㎡,共9层,南,99万,,2024-05-01
59821458968166f0,城建万科城 3室2厅 89.99平米,延庆,延庆-延庆其它,3室2厅,89.99㎡,共9层,南,145万,,2023-12-27
59821458968166f0,城建万科城 3室1厅 92.58平米,延庆,延庆-延庆其它,3室1厅,92.58㎡,共8层,南,144万,,2023-12-26
59821458968166f0,城建万科城 2室1厅 81.41平米,延庆,延庆-延庆其它,2室1厅,81.41㎡,共6层,南,89万,,2023-11-18
59821458968166f0,城建万科城 49.66平米,延庆,延庆-延庆其它,,49.66㎡,共9层,南,54万,,2023-10-31
59821458968166f0,城建万科城 3室1厅 89.55平米,延庆,延庆-延庆其它,3室1厅,89.55㎡,共9层,南,149万,,2023-08-08
59821458968166f0,城建万科城 3室1厅 89.63平米,延庆,延庆-延庆其它,3室1厅,89.63㎡,共9层,南,140万,,2023-07-25
59821458968166f0,城建万科城 3室1厅 91.91平米,延庆,延庆-延庆其它,3室1厅,91.91㎡,共9层,南,139万,,2023-07-23
59821458968166f0,城建万科城 2室1厅 74.84平米,延庆,延庆-延庆其它,2室1厅,74.84㎡,共9层,南,134万,,2023-02-23
872a8d73a0e8d675,城建万科城 2室2厅 74.72平米,延庆,延庆-延庆其它,2室2厅,74.72㎡,共9层,南北,76万,,2025-10-17
872a8d73a0e8d675,城建万科城 2室1厅 74.72平米,延庆,延庆-延庆其它,2室1厅,74.72㎡,共9层,南,99万,,2024-05-01
872a8d73a0e8d675,城建万科城 3室2厅 89.99平米,延庆,延庆-延庆其它,3室2厅,89.99㎡,共9层,南,145万,,2023-12-27
872a8d73a0e8d675,城建万科城 3室1厅 92.58平米,延庆,延庆-延庆其它,3室1厅,92.58㎡,共8层,南,144万,,2023-12-26
872a8d73a0e8d675,城建万科城 2室1厅 81.41平米,延庆,延庆-延庆其它,2室1厅,81.41㎡,共6层,南,89万,,2023-11-18
872a8d73a0e8d675,城建万科城 49.66平米,延庆,延庆-延庆其它,,49.66㎡,共9层,南,54万,,2023-10-31
872a8d73a0e8d675,城建万科城 3室1厅 89.55平米,延庆,延庆-延庆其它,3室1厅,89.55㎡,共9层,南,149万,,2023-08-08
872a8d73a0e8d675,城建万科城 3室1厅 89.63平米,延庆,延庆-延庆其它,3室1厅,89.63㎡,共9层,南,140万,,2023-07-25
872a8d73a0e8d675,城建万科城 3室1厅 91.91平米,延庆,延庆-延庆其它,3室1厅,91.91㎡,共9层,南,139万,,2023-07-23
872a8d73a0e8d675,城建万科城 2室1厅 74.84平米,延庆,延庆-延庆其它,2室1厅,74.84㎡,共9层,南,134万,,2023-02-23
4dcd4a657796ed17,城建万科城 2室2厅 74.72平米,延庆,延庆-延庆其它,2室2厅,74.72㎡,共9层,南北,76万,,2025-10-17
4dcd4a657796ed17,城建万科城 2室1厅 74.72平米,延庆,延庆-延庆其它,2室1厅,74.72㎡,共9层,南,99万,,2024-05-01
4dcd4a657796ed17,城建万科城 3室2厅 89.99平米,延庆,延庆-延庆其它,3室2厅,89.99㎡,共9层,南,145万,,2023-12-27
4dcd4a657796ed17,城建万科城 3室1厅 92.58平米,延庆,延庆-延庆其它,3室1厅,92.58㎡,共8层,南,144万,,2023-12-26
4dcd4a657796ed17,城建万科城 2室1厅 81.41平米,延庆,延庆-延庆其它,2室1厅,81.41㎡,共6层,南,89万,,2023-11-18
4dcd4a657796ed17,城建万科城 49.66平米,延庆,延庆-延庆其它,,49.66㎡,共9层,南,54万,,2023-10-31
4dcd4a657796ed17,城建万科城 3室1厅 89.55平米,延庆,延庆-延庆其它,3室1厅,89.55㎡,共9层,南,149万,,2023-08-08
4dcd4a657796ed17,城建万科城 3室1厅 89.63平米,延庆,延庆-延庆其它,3室1厅,89.63㎡,共9层,南,140万,,2023-07-25
4dcd4a657796ed17,城建万科城 3室1厅 91.91平米,延庆,延庆-延庆其它,3室1厅,91.91㎡,共9层,南,139万,,2023-07-23
4dcd4a657796ed17,城建万科城 2室1厅 74.84平米,延庆,延庆-延庆其它,2室1厅,74.84㎡,共9层,南,134万,,2023-02-23
4aec8b5590538ce3,龙聚山庄 6室2厅 328.12平米,延庆,延庆-延庆其它,6室2厅,328.12㎡,共2层,南北,390万,,2025-10-14
4aec8b5590538ce3,龙聚山庄 1室1厅 52.05平米,延庆,延庆-延庆其它,1室1厅,52.05㎡,共3层,东,49万,,2024-05-11
4aec8b5590538ce3,龙聚山庄 2室2厅 82.11平米,延庆,延庆-延庆其它,2室2厅,82.11㎡,共4层,南,64万,,2023-12-02
4aec8b5590538ce3,龙聚山庄 2室1厅 82.11平米,延庆,延庆-延庆其它,2室1厅,82.11㎡,共4层,南,64万,,2023-11-26
4aec8b5590538ce3,龙聚山庄 3室1厅 104.92平米,延庆,延庆-延庆其它,3室1厅,104.92㎡,共4层,南,90万,,2023-10-13
4aec8b5590538ce3,龙聚山庄 2室1厅 79.69平米,延庆,延庆-延庆其它,2室1厅,79.69㎡,共4层,南,74万,,2023-07-22
4aec8b5590538ce3,龙聚山庄 2室1厅 65.63平米,延庆,延庆-延庆其它,2室1厅,65.63㎡,共6层,南,75万,,2023-01-17
ace505b4fc50ff50,龙聚山庄 6室2厅 328.12平米,延庆,延庆-延庆其它,6室2厅,328.12㎡,共2层,南北,390万,,2025-10-14
ace505b4fc50ff50,龙聚山庄 1室1厅 52.05平米,延庆,延庆-延庆其它,1室1厅,52.05㎡,共3层,东,49万,,2024-05-11
ace505b4fc50ff50,龙聚山庄 2室2厅 82.11平米,延庆,延庆-延庆其它,2室2厅,82.11㎡,共4层,南,64万,,2023-12-02
ace505b4fc50ff50,龙聚山庄 2室1厅 82.11平米,延庆,延庆-延庆其它,2室1厅,82.11㎡,共4层,南,64万,,2023-11-26
ace505b4fc50ff50,龙聚山庄 3室1厅 104.92平米,延庆,延庆-延庆其它,3室1厅,104.92㎡,共4层,南,90万,,2023-10-13
ace505b4fc50ff50,龙聚山庄 2室1厅 79.69平米,延庆,延庆-延庆其它,2室1厅,79.69㎡,共4层,南,74万,,2023-07-22
ace505b4fc50ff50,龙聚山庄 2室1厅 65.63平米,延庆,延庆-延庆其它,2室1厅,65.63㎡,共6层,南,75万,,2023-01-17
f88b7572d2c982a4,城建万科城 2室2厅 74.72平米,延庆,延庆-延庆其它,2室2厅,74.72㎡,共9层,南北,76万,,2025-10-17
f88b7572d2c982a4,城建万科城 2室1厅 74.72平米,延庆,延庆-延庆其它,2室1厅,74.72㎡,共9层,南,99万,,2024-05-01
f88b7572d2c982a4,城建万科城 3室2厅 89.99平米,延庆,延庆-延庆其它,3室2厅,89.99㎡,共9层,南,145万,,2023-12-27
f88b7572d2c982a4,城建万科城 3室1厅 92.58平米,延庆,延庆-延庆其它,3室1厅,92.58㎡,共8层,南,144万,,2023-12-26
f88b7572d2c982a4,城建万科城 2室1厅 81.41平米,延庆,延庆-延庆其它,2室1厅,81.41㎡,共6层,南,89万,,2023-11-18
f88b7572d2c982a4,城建万科城 49.66平米,延庆,延庆-延庆其它,,49.66㎡,共9层,南,54万,,2023-10-31
f88b7572d2c982a4,城建万科城 3室1厅 89.55平米,延庆,延庆-延庆其它,3室1厅,89.55㎡,共9层,南,149万,,2023-08-08
f88b7572d2c982a4,城建万科城 3室1厅 89.63平米,延庆,延庆-延庆其它,3室1厅,89.63㎡,共9层,南,140万,,2023-07-25
f88b7572d2c982a4,城建万科城 3室1厅 91.91平米,延庆,延庆-延庆其它,3室1厅,91.91㎡,共9层,南,139万,,2023-07-23
f88b7572d2c982a4,城建万科城 2室1厅 74.84平米,延庆,延庆-延庆其它,2室1厅,74.84㎡,共9层,南,134万,,2023-02-23
ef42a4818ef30413,龙聚山庄 6室2厅 328.12平米,延庆,延庆-延庆其它,6室2厅,328.12㎡,共2层,南北,390万,,2025-10-14
ef42a4818ef30413,龙聚山庄 1室1厅 52.05平米,延庆,延庆-延庆其它,1室1厅,52.05㎡,共3层,东,49万,,2024-05-11
ef42a4818ef30413,龙聚山庄 2室2厅 82.11平米,延庆,延庆-延庆其它,2室2厅,82.11㎡,共4层,南,64万,,2023-12-02
ef42a4818ef30413,龙聚山庄 2室1厅 82.11平米,延庆,延庆-延庆其它,2室1厅,82.11㎡,共4层,南,64万,,2023-11-26
ef42a4818ef30413,龙聚山庄 3室1厅 104.92平米,延庆,延庆-延庆其它,3室1厅,104.92㎡,共4层,南,90万,,2023-10-13
ef42a4818ef30413,龙聚山庄 2室1厅 79.69平米,延庆,延庆-延庆其它,2室1厅,79.69㎡,共4层,南,74万,,2023-07-22
ef42a4818ef30413,龙聚山庄 2室1厅 65.63平米,延庆,延庆-延庆其它,2室1厅,65.63㎡,共6层,南,75万,,2023-01-17
4a4e16dbe9ec0280,龙聚山庄 6室2厅 328.12平米,延庆,延庆-延庆其它,6室2厅,328.12㎡,共2层,南北,390万,,2025-10-14
4a4e16dbe9ec0280,龙聚山庄 1室1厅 52.05平米,延庆,延庆-延庆其它,1室1厅,52.05㎡,共3层,东,49万,,2024-05-11
4a4e16dbe9ec0280,龙聚山庄 2室2厅 82.11平米,延庆,延庆-延庆其它,2室2厅,82.11㎡,共4层,南,64万,,2023-12-02
4a4e16dbe9ec0280,龙聚山庄 2室1厅 82.11平米,延庆,延庆-延庆其它,2室1厅,82.11㎡,共4层,南,64万,,2023-11-26
4a4e16dbe9ec0280,龙聚山庄 3室1厅 104.92平米,延庆,延庆-延庆其它,3室1厅,104.92㎡,共4层,南,90万,,2023-10-13
4a4e16dbe9ec0280,龙聚山庄 2室1厅 79.69平米,延庆,延庆-延庆其它,2室1厅,79.69㎡,共4层,南,74万,,2023-07-22
4a4e16dbe9ec0280,龙聚山庄 2室1厅 65.63平米,延庆,延庆-延庆其它,2室1厅,65.63㎡,共6层,南,75万,,2023-01-17
94f0e4fa330e4ded,城建万科城 2室2厅 74.72平米,延庆,延庆-延庆其它,2室2厅,74.72㎡,共9层,南北,76万,,2025-10-17
94f0e4fa330e4ded,城建万科城 2室1厅 74.72平米,延庆,延庆-延庆其它,2室1厅,74.72㎡,共9层,南,99万,,2024-05-01
94f0e4fa330e4ded,城建万科城 3室2厅 89.99平米,延庆,延庆-延庆其它,3室2厅,89.99㎡,共9层,南,145万,,2023-12-27
94f0e4fa330e4ded,城建万科城 3室1厅 92.58平米,延庆,延庆-延庆其它,3室1厅,92.58㎡,共8层,南,144万,,2023-12-26
94f0e4fa330e4ded,城建万科城 2室1厅 81.41平米,延庆,延庆-延庆其它,2室1厅,81.41㎡,共6层,南,89万,,2023-11-18
94f0e4fa330e4ded,城建万科城 49.66平米,延庆,延庆-延庆其它,,49.66㎡,共9层,南,54万,,2023-10-31
94f0e4fa330e4ded,城建万科城 3室1厅 89.55平米,延庆,延庆-延庆其它,3室1厅,89.55㎡,共9层,南,149万,,2023-08-08
94f0e4fa330e4ded,城建万科城 3室1厅 89.63平米,延庆,延庆-延庆其它,3室1厅,89.63㎡,共9层,南,140万,,2023-07-25
94f0e4fa330e4ded,城建万科城 3室1厅 91.91平米,延庆,延庆-延庆其它,3室1厅,91.91㎡,共9层,南,139万,,2023-07-23
94f0e4fa330e4ded,城建万科城 2室1厅 74.84平米,延庆,延庆-延庆其它,2室1厅,74.84㎡,共9层,南,134万,,2023-02-23
73390d5108112d40,清凉盛景 8室2厅 342.47平米,延庆,延庆-八达岭,8室2厅,342.47㎡,共2层,南,720万,,2024-05-19
73390d5108112d40,清凉盛景 6室3厅 284.88平米,延庆,延庆-八达岭,6室3厅,284.88㎡,共2层,南,885万,,2023-04-09
9f91e1f8967c39c7,龙聚山庄 6室2厅 328.12平米,延庆,延庆-延庆其它,6室2厅,328.12㎡,共2层,南北,390万,,2025-10-14
9f91e1f8967c39c7,龙聚山庄 1室1厅 52.05平米,延庆,延庆-延庆其它,1室1厅,52.05㎡,共3层,东,49万,,2024-05-11
9f91e1f8967c39c7,龙聚山庄 2室2厅 82.11平米,延庆,延庆-延庆其它,2室2厅,82.11㎡,共4层,南,64万,,2023-12-02
9f91e1f8967c39c7,龙聚山庄 2室1厅 82.11平米,延庆,延庆-延庆其它,2室1厅,82.11㎡,共4层,南,64万,,2023-11-26
9f91e1f8967c39c7,龙聚山庄 3室1厅 104.92平米,延庆,延庆-延庆其它,3室1厅,104.92㎡,共4层,南,90万,,2023-10-13
9f91e1f8967c39c7,龙聚山庄 2室1厅 79.69平米,延庆,延庆-延庆其它,2室1厅,79.69㎡,共4层,南,74万,,2023-07-22
9f91e1f8967c39c7,龙聚山庄 3室1厅 104.92平米,延庆,延庆-延庆其它,3室1厅,104.92㎡,共4层,南,90万,,2023-10-13
9f91e1f8967c39c7,龙聚山庄 2室1厅 79.69平米,延庆,延庆-延庆其它,2室1厅,79.69㎡,共4层,南,74万,,2023-07-22
e4901e6c80224cb3,城建万科城 2室2厅 74.72平米,延庆,延庆-延庆其它,2室2厅,74.72㎡,共9层,南北,76万,,2025-10-17
4642334cbb5e27f8,龙聚山庄 6室2厅 328.12平米,延庆,延庆-延庆其它,6室2厅,328.12㎡,共2层,南北,390万,,2025-10-14
4642334cbb5e27f8,龙聚山庄 1室1厅 52.05平米,延庆,延庆-延庆其它,1室1厅,52.05㎡,共3层,东,49万,,2024-05-11
4642334cbb5e27f8,龙聚山庄 2室2厅 82.11平米,延庆,延庆-延庆其它,2室2厅,82.11㎡,共4层,南,64万,,2023-12-02
4642334cbb5e27f8,龙聚山庄 2室1厅 82.11平米,延庆,延庆-延庆其它,2室1厅,82.11㎡,共4层,南,64万,,2023-11-26
4642334cbb5e27f8,龙聚山庄 3室1厅 104.92平米,延庆,延庆-延庆其它,3室1厅,104.92㎡,共4层,南,90万,,2023-10-13
4642334cbb5e27f8,龙聚山庄 2室1厅 79.69平米,延庆,延庆-延庆其它,2室1厅,79.69㎡,共4层,南,74万,,2023-07-22
4642334cbb5e27f8,龙聚山庄 2室1厅 65.63平米,延庆,延庆-延庆其它,2室1厅,65.63㎡,共6层,南,75万,,2023-01-17
7c45342f0d860be9,城建万科城 2室2厅 74.72平米,延庆,延庆-延庆其它,2室2厅,74.72㎡,共9层,南北,76万,,2025-10-17
7c45342f0d860be9,城建万科城 2室1厅 74.72平米,延庆,延庆-延庆其它,2室1厅,74.72㎡,共9层,南,99万,,2024-05-01
7c45342f0d860be9,城建万科城 3室2厅 89.99平米,延庆,延庆-延庆其它,3室2厅,89.99㎡,共9层,南,145万,,2023-12-27
7c45342f0d860be9,城建万科城 3室1厅 92.58平米,延庆,延庆-延庆其它,3室1厅,92.58㎡,共8层,南,144万,,2023-12-26
7c45342f0d860be9,城建万科城 2室1厅 81.41平米,延庆,延庆-延庆其它,2室1厅,81.41㎡,共6层,南,89万,,2023-11-18
7c45342f0d860be9,城建万科城 49.66平米,延庆,延庆-延庆其它,,49.66㎡,共9层,南,54万,,2023-10-31
7c45342f0d860be9,城建万科城 3室1厅 89.55平米,延庆,延庆-延庆其它,3室1厅,89.55㎡,共9层,南,149万,,2023-08-08
7c45342f0d860be9,城建万科城 3室1厅 89.63平米,延庆,延庆-延庆其它,3室1厅,89.63㎡,共9层,南,140万,,2023-07-25
7c45342f0d860be9,城建万科城 3室1厅 91.91平米,延庆,延庆-延庆其它,3室1厅,91.91㎡,共9层,南,139万,,2023-07-23
7c45342f0d860be9,城建万科城 2室1厅 74.84平米,延庆,延庆-延庆其它,2室1厅,74.84㎡,共9层,南,134万,,2023-02-23
dc33fe7b53ab2d7c,城建万科城 2室2厅 74.72平米,延庆,延庆-延庆其它,2室2厅,74.72㎡,共9层,南北,76万,,2025-10-17
dc33fe7b53ab2d7c,城建万科城 2室1厅 74.72平米,延庆,延庆-延庆其它,2室1厅,74.72㎡,共9层,南,99万,,2024-05-01
dc33fe7b53ab2d7c,城建万科城 3室2厅 89.99平米,延庆,延庆-延庆其它,3室2厅,89.99㎡,共9层,南,145万,,2023-12-27
dc33fe7b53ab2d7c,城建万科城 3室1厅 92.58平米,延庆,延庆-延庆其它,3室1厅,92.58㎡,共8层,南,144万,,2023-12-26
dc33fe7b53ab2d7c,城建万科城 2室1厅 81.41平米,延庆,延庆-延庆其它,2室1厅,81.41㎡,共6层,南,89万,,2023-11-18
dc33fe7b53ab2d7c,城建万科城 49.66平米,延庆,延庆-延庆其它,,49.66㎡,共9层,南,54万,,2023-10-31
dc33fe7b53ab2d7c,城建万科城 3室1厅 89.55平米,延庆,延庆-延庆其它,3室1厅,89.55㎡,共9层,南,149万,,2023-08-08
dc33fe7b53ab2d7c,城建万科城 3室1厅 89.63平米,延庆,延庆-延庆其它,3室1厅,89.63㎡,共9层,南,140万,,2023-07-25
dc33fe7b53ab2d7c,城建万科城 3室1厅 91.91平米,延庆,延庆-延庆其它,3室1厅,91.91㎡,共9层,南,139万,,2023-07-23
dc33fe7b53ab2d7c,城建万科城 2室1厅 74.84平米,延庆,延庆-延庆其它,2室1厅,74.84㎡,共9层,南,134万,,2023-02-23
3e130b869366f4f8,城建万科城 2室2厅 74.72平米,延庆,延庆-延庆其它,2室2厅,74.72㎡,共9层,南北,76万,,2025-10-17
3e130b869366f4f8,城建万科城 2室1厅 74.72平米,延庆,延庆-延庆其它,2室1厅,74.72㎡,共9层,南,99万,,2024-05-01
3e130b869366f4f8,城建万科城 3室2厅 89.99平米,延庆,延庆-延庆其它,3室2厅,89.99㎡,共9层,南,145万,,2023-12-27
3e130b869366f4f8,城建万科城 3室1厅 92.58平米,延庆,延庆-延庆其它,3室1厅,92.58㎡,共8层,南,144万,,2023-12-26
3e130b869366f4f8,城建万科城 2室1厅 81.41平米,延庆,延庆-延庆其它,2室1厅,81.41㎡,共6层,南,89万,,2023-11-18
3e130b869366f4f8,城建万科城 49.66平米,延庆,延庆-延庆其它,,49.66㎡,共9层,南,54万,,2023-10-31
3e130b869366f4f8,城建万科城 3室1厅 89.55平米,延庆,延庆-延庆其它,3室1厅,89.55㎡,共9层,南,149万,,2023-08-08
3e130b869366f4f8,城建万科城 3室1厅 89.63平米,延庆,延庆-延庆其它,3室1厅,89.63㎡,共9层,南,140万,,2023-07-25
3e130b869366f4f8,城建万科城 3室1厅 91.91平米,延庆,延庆-延庆其它,3室1厅,91.91㎡,共9层,南,139万,,2023-07-23
3e130b869366f4f8,城建万科城 2室1厅 74.84平米,延庆,延庆-延庆其它,2室1厅,74.84㎡,共9层,南,134万,,2023-02-23
2d566112e69b3db5,城建万科城 2室2厅 74.72平米,延庆,延庆-延庆其它,2室2厅,74.72㎡,共9层,南北,76万,,2025-10-17
2d566112e69b3db5,城建万科城 2室2厅 74.72平米,延庆,延庆-延庆其它,2室2厅,74.72㎡,共9层,南北,76万,,2025-10-17
2d566112e69b3db5,城建万科城 2室2厅 74.72平米,延庆,延庆-延庆其它,2室2厅,74.72㎡,共9层,南北,76万,,2025-10-17
2d566112e69b3db5,城建万科城 2室1厅 74.72平米,延庆,延庆-延庆其它,2室1厅,74.72㎡,共9层,南,99万,,2024-05-01
2d566112e69b3db5,城建万科城 3室2厅 89.99平米,延庆,延庆-延庆其它,3室2厅,89.99㎡,共9层,南,145万,,2023-12-27
2d566112e69b3db5,城建万科城 3室1厅 92.58平米,延庆,延庆-延庆其它,3室1厅,92.58㎡,共8层,南,144万,,2023-12-26
2d566112e69b3db5,城建万科城 2室1厅 81.41平米,延庆,延庆-延庆其它,2室1厅,81.41㎡,共6层,南,89万,,2023-11-18
2d566112e69b3db5,城建万科城 49.66平米,延庆,延庆-延庆其它,,49.66㎡,共9层,南,54万,,2023-10-31
2d566112e69b3db5,城建万科城 3室1厅 89.55平米,延庆,延庆-延庆其它,3室1厅,89.55㎡,共9层,南,149万,,2023-08-08
2d566112e69b3db5,城建万科城 3室1厅 89.63平米,延庆,延庆-延庆其它,3室1厅,89.63㎡,共9层,南,140万,,2023-07-25
2d566112e69b3db5,城建万科城 3室1厅 91.91平米,延庆,延庆-延庆其它,3室1厅,91.91㎡,共9层,南,139万,,2023-07-23
2d566112e69b3db5,城建万科城 2室1厅 74.84平米,延庆,延庆-延庆其它,2室1厅,74.84㎡,共9层,南,134万,,2023-02-23
09573d39dbd2ba84,城建万科城 2室2厅 74.72平米,延庆,延庆-延庆其它,2室2厅,74.72㎡,共9层,南北,76万,,2025-10-17
09573d39dbd2ba84,城建万科城 2室1厅 74.72平米,延庆,延庆-延庆其它,2室1厅,74.72㎡,共9层,南,99万,,2024-05-01
09573d39dbd2ba84,城建万科城 3室2厅 89.99平米,延庆,延庆-延庆其它,3室2厅,89.99㎡,共9层,南,145万,,2023-12-27
09573d39dbd2ba84,城建万科城 3室1厅 92.58平米,延庆,延庆-延庆其它,3室1厅,92.58㎡,共8层,南,144万,,2023-12-26
09573d39dbd2ba84,城建万科城 2室1厅 81.41平米,延庆,延庆-延庆其它,2室1厅,81.41㎡,共6层,南,89万,,2023-11-18
09573d39dbd2ba84,城建万科城 49.66平米,延庆,延庆-延庆其它,,49.66㎡,共9层,南,54万,,2023-10-31
09573d39dbd2ba84,城建万科城 3室1厅 89.55平米,延庆,延庆-延庆其它,3室1厅,89.55㎡,共9层,南,149万,,2023-08-08
09573d39dbd2ba84,城建万科城 3室1厅 89.63平米,延庆,延庆-延庆其它,3室1厅,89.63㎡,共9层,南,140万,,2023-07-25
09573d39dbd2ba84,城建万科城 3室1厅 91.91平米,延庆,延庆-延庆其它,3室1厅,91.91㎡,共9层,南,139万,,2023-07-23
09573d39dbd2ba84,城建万科城 2室1厅 74.84平米,延庆,延庆-延庆其它,2室1厅,74.84㎡,共9层,南,134万,,2023-02-23
e22d6ecaa93cdee9,城建万科城 2室2厅 74.72平米,延庆,延庆-延庆其它,2室2厅,74.72㎡,共9层,南北,76万,,2025-10-17
e22d6ecaa93cdee9,城建万科城 2室1厅 74.72平米,延庆,延庆-延庆其它,2室1厅,74.72㎡,共9层,南,99万,,2024-05-01
e22d6ecaa93cdee9,城建万科城 3室2厅 89.99平米,延庆,延庆-延庆其它,3室2厅,89.99㎡,共9层,南,145万,,2023-12-27
e22d6ecaa93cdee9,城建万科城 3室1厅 92.58平米,延庆,延庆-延庆其它,3室1厅,92.58㎡,共8层,南,144万,,2023-12-26
e22d6ecaa93cdee9,城建万科城 2室1厅 81.41平米,延庆,延庆-延庆其它,2室1厅,81.41㎡,共6层,南,89万,,2023-11-18
e22d6ecaa93cdee9,城建万科城 49.66平米,延庆,延庆-延庆其它,,49.66㎡,共9层,南,54万,,2023-10-31
e22d6ecaa93cdee9,城建万科城 3室1厅 89.55平米,延庆,延庆-延庆其它,3室1厅,89.55㎡,共9层,南,149万,,2023-08-08
e22d6ecaa93cdee9,城建万科城 3室1厅 89.63平米,延庆,延庆-延庆其它,3室1厅,89.63㎡,共9层,南,140万,,2023-07-25
e22d6ecaa93cdee9,城建万科城 3室1厅 91.91平米,延庆,延庆-延庆其它,3室1厅,91.91㎡,共9层,南,139万,,2023-07-23
e22d6ecaa93cdee9,城建万科城 2室1厅 74.84平米,延庆,延庆-延庆其它,2室1厅,74.84㎡,共9层,南,134万,,2023-02-23
7ff91c7290cc6d71,城建万科城 2室2厅 74.72平米,延庆,延庆-延庆其它,2室2厅,74.72㎡,共9层,南北,76万,,2025-10-17
7ff91c7290cc6d71,城建万科城 2室1厅 74.72平米,延庆,延庆-延庆其它,2室1厅,74.72㎡,共9层,南,99万,,2024-05-01
7ff91c7290cc6d71,城建万科城 3室2厅 89.99平米,延庆,延庆-延庆其它,3室2厅,89.99㎡,共9层,南,145万,,2023-12-27
7ff91c7290cc6d71,城建万科城 3室1厅 92.58平米,延庆,延庆-延庆其它,3室1厅,92.58㎡,共8层,南,144万,,2023-12-26
7ff91c7290cc6d71,城建万科城 2室1厅 81.41平米,延庆,延庆-延庆其它,2室1厅,81.41㎡,共6层,南,89万,,2023-11-18
7ff91c7290cc6d71,城建万科城 49.66平米,延庆,延庆-延庆其它,,49.66㎡,共9层,南,54万,,2023-10-31
7ff91c7290cc6d71,城建万科城 3室1厅 89.55平米,延庆,延庆-延庆其它,3室1厅,89.55㎡,共9层,南,149万,,2023-08-08
7ff91c7290cc6d71,城建万科城 3室1厅 89.63平米,延庆,延庆-延庆其它,3室1厅,89.63㎡,共9层,南,140万,,2023-07-25
7ff91c7290cc6d71,城建万科城 3室1厅 91.91平米,延庆,延庆-延庆其它,3室1厅,91.91㎡,共9层,南,139万,,2023-07-23
7ff91c7290cc6d71,城建万科城 2室1厅 74.84平米,延庆,延庆-延庆其它,2室1厅,74.84㎡,共9层,南,134万,,2023-02-23
df5ac3ab7c55ea88,城建万科城 2室2厅 74.72平米,延庆,延庆-延庆其它,2室2厅,74.72㎡,共9层,南北,76万,,2025-10-17
df5ac3ab7c55ea88,城建万科城 2室1厅 74.72平米,延庆,延庆-延庆其它,2室1厅,74.72㎡,共9层,南,99万,,2024-05-01
df5ac3ab7c55ea88,城建万科城 3室2厅 89.99平米,延庆,延庆-延庆其它,3室2厅,89.99㎡,共9层,南,145万,,2023-12-27
df5ac3ab7c55ea88,城建万科城 3室1厅 92.58平米,延庆,延庆-延庆其它,3室1厅,92.58㎡,共8层,南,144万,,2023-12-26
df5ac3ab7c55ea88,城建万科城 2室1厅 81.41平米,延庆,延庆-延庆其它,2室1厅,81.41㎡,共6层,南,89万,,2023-11-18
df5ac3ab7c55ea88,城建万科城 49.66平米,延庆,延庆-延庆其它,,49.66㎡,共9层,南,54万,,2023-10-31
df5ac3ab7c55ea88,城建万科城 3室1厅 89.55平米,延庆,延庆-延庆其它,3室1厅,89.55㎡,共9层,南,149万,,2023-08-08
df5ac3ab7c55ea88,城建万科城 3室1厅 89.63平米,延庆,延庆-延庆其它,3室1厅,89.63㎡,共9层,南,140万,,2023-07-25
df5ac3ab7c55ea88,城建万科城 3室1厅 91.91平米,延庆,延庆-延庆其它,3室1厅,91.91㎡,共9层,南,139万,,2023-07-23
df5ac3ab7c55ea88,城建万科城 2室1厅 74.84平米,延庆,延庆-延庆其它,2室1厅,74.84㎡,共9层,南,134万,,2023-02-23
4325b2eadbcca93f,城建万科城 2室2厅 74.72平米,延庆,延庆-延庆其它,2室2厅,74.72㎡,共9层,南北,76万,,2025-10-17
4325b2eadbcca93f,城建万科城 2室1厅 74.72平米,延庆,延庆-延庆其它,2室1厅,74.72㎡,共9层,南,99万,,2024-05-01
4325b2eadbcca93f,城建万科城 3室2厅 89.99平米,延庆,延庆-延庆其它,3室2厅,89.99㎡,共9层,南,145万,,2023-12-27
4325b2eadbcca93f,城建万科城 3室1厅 92.58平米,延庆,延庆-延庆其它,3室1厅,92.58㎡,共8层,南,144万,,2023-12-26
4325b2eadbcca93f,城建万科城 2室1厅 81.41平米,延庆,延庆-延庆其它,2室1厅,81.41㎡,共6层,南,89万,,2023-11-18
4325b2eadbcca93f,城建万科城 49.66平米,延庆,延庆-延庆其它,,49.66㎡,共9层,南,54万,,2023-10-31
4325b2eadbcca93f,城建万科城 3室1厅 89.55平米,延庆,延庆-延庆其它,3室1厅,89.55㎡,共9层,南,149万,,2023-08-08
4325b2eadbcca93f,城建万科城 3室1厅 89.63平米,延庆,延庆-延庆其它,3室1厅,89.63㎡,共9层,南,140万,,2023-07-25
4325b2eadbcca93f,城建万科城 3室1厅 91.91平米,延庆,延庆-延庆其它,3室1厅,91.91㎡,共9层,南,139万,,2023-07-23
4325b2eadbcca93f,城建万科城 2室1厅 74.84平米,延庆,延庆-延庆其它,2室1厅,74.84㎡,共9层,南,134万,,2023-02-23
5afdbad500943d86,八达岭住宅小区 4室2厅 175.64平米,延庆,延庆-八达岭,4室2厅,175.64㎡,共6层,南,155万,,2024-07-17
5afdbad500943d86,八达岭住宅小区 4室2厅 164.05平米,延庆,延庆-八达岭,4室2厅,164.05㎡,共6层,北,165万,,2024-03-13
ce44f2910f7ca923,清凉盛景 8室2厅 342.47平米,延庆,延庆-八达岭,8室2厅,342.47㎡,共2层,南,720万,,2024-05-19
ce44f2910f7ca923,清凉盛景 6室3厅 284.88平米,延庆,延庆-八达岭,6室3厅,284.88㎡,共2层,南,885万,,2023-04-09
30c39e00dd43c86e,清凉盛景 8室2厅 342.47平米,延庆,延庆-八达岭,8室2厅,342.47㎡,共2层,南,720万,,2024-05-19
30c39e00dd43c86e,清凉盛景 6室3厅 284.88平米,延庆,延庆-八达岭,6室3厅,284.88㎡,共2层,南,885万,,2023-04-09
1f357022f03f2e5c,八达岭住宅小区 4室2厅 175.64平米,延庆,延庆-八达岭,4室2厅,175.64㎡,共6层,南,155万,,2024-07-17
1f357022f03f2e5c,八达岭住宅小区 4室2厅 164.05平米,延庆,延庆-八达岭,4室2厅,164.05㎡,共6层,北,165万,,2024-03-13
e580c2c4bba89cb9,八达岭住宅小区 4室2厅 175.64平米,延庆,延庆-八达岭,4室2厅,175.64㎡,共6层,南,155万,,2024-07-17
e580c2c4bba89cb9,八达岭住宅小区 4室2厅 164.05平米,延庆,延庆-八达岭,4室2厅,164.05㎡,共6层,北,165万,,2024-03-13
22418ea73cec9bbd,八达岭住宅小区 4室2厅 175.64平米,延庆,延庆-八达岭,4室2厅,175.64㎡,共6层,南,155万,,2024-07-17
22418ea73cec9bbd,八达岭住宅小区 4室2厅 164.05平米,延庆,延庆-八达岭,4室2厅,164.05㎡,共6层,北,165万,,2024-03-13
1798e6704946dc1f,清凉盛景 8室2厅 342.47平米,延庆,延庆-八达岭,8室2厅,342.47㎡,共2层,南,720万,,2024-05-19
1798e6704946dc1f,清凉盛景 6室3厅 284.88平米,延庆,延庆-八达岭,6室3厅,284.88㎡,共2层,南,885万,,2023-04-09
69f8e738390b911f,八达岭住宅小区 4室2厅 175.64平米,延庆,延庆-八达岭,4室2厅,175.64㎡,共6层,南,155万,,2024-07-17
69f8e738390b911f,八达岭住宅小区 4室2厅 164.05平米,延庆,延庆-八达岭,4室2厅,164.05㎡,共6层,北,165万,,2024-03-13
6c35a2f56ed5bcf6,八达岭住宅小区 4室2厅 175.64平米,延庆,延庆-八达岭,4室2厅,175.64㎡,共6层,南,155万,,2024-07-17
6c35a2f56ed5bcf6,八达岭住宅小区 4室2厅 164.05平米,延庆,延庆-八达岭,4室2厅,164.05㎡,共6层,北,165万,,2024-03-13
92312216b10338a7,八达岭住宅小区 4室2厅 175.64平米,延庆,延庆-八达岭,4室2厅,175.64㎡,共6层,南,155万,,2024-07-17
92312216b10338a7,八达岭住宅小区 4室2厅 164.05平米,延庆,延庆-八达岭,4室2厅,164.05㎡,共6层,北,165万,,2024-03-13
eecc0f8bd9d58a08,八达岭住宅小区 4室2厅 175.64平米,延庆,延庆-八达岭,4室2厅,175.64㎡,共6层,南,155万,,2024-07-17
eecc0f8bd9d58a08,八达岭住宅小区 4室2厅 164.05平米,延庆,延庆-八达岭,4室2厅,164.05㎡,共6层,北,165万,,2024-03-13
5d9766245c66f058,八达岭住宅小区 4室2厅 175.64平米,延庆,延庆-八达岭,4室2厅,175.64㎡,共6层,南,155万,,2024-07-17
5d9766245c66f058,八达岭住宅小区 4室2厅 164.05平米,延庆,延庆-八达岭,4室2厅,164.05㎡,共6层,北,165万,,2024-03-13
75546d36b07ad2b1,八达岭住宅小区 4室2厅 175.64平米,延庆,延庆-八达岭,4室2厅,175.64㎡,共6层,南,155万,,2024-07-17
75546d36b07ad2b1,八达岭住宅小区 4室2厅 164.05平米,延庆,延庆-八达岭,4室2厅,164.05㎡,共6层,北,165万,,2024-03-13
4b09387423cccc57,八达岭住宅小区 4室2厅 175.64平米,延庆,延庆-八达岭,4室2厅,175.64㎡,共6层,南,155万,,2024-07-17
4b09387423cccc57,八达岭住宅小区 4室2厅 164.05平米,延庆,延庆-八达岭,4室2厅,164.05㎡,共6层,北,165万,,2024-03-13
b2396e1fa36f870a,八达岭住宅小区 4室2厅 175.64平米,延庆,延庆-八达岭,4室2厅,175.64㎡,共6层,南,155万,,2024-07-17
b2396e1fa36f870a,八达岭住宅小区 4室2厅 164.05平米,延庆,延庆-八达岭,4室2厅,164.05㎡,共6层,北,165万,,2024-03-13
291cb0ecca90c439,八达岭住宅小区 4室2厅 175.64平米,延庆,延庆-八达岭,4室2厅,175.64㎡,共6层,南,155万,,2024-07-17
291cb0ecca90c439,八达岭住宅小区 4室2厅 164.05平米,延庆,延庆-八达岭,4室2厅,164.05㎡,共6层,北,165万,,2024-03-13
